,0,1,2,3,4
0,187.73404480429244,51,51.0,9,"{'routes': [{'station_list': [162, 37], 'satisfaction_list': [0, 0], 'arriving_time': [0.0033262700563254084, 10.017992448627755], 'demand': [17, 7], 'actual_allocation': [0, 0], 'truck_inventory': [0, 0], 'sat_profit': 0, 'rebalancing_cost': 0}, {'station_list': [94, 85], 'satisfaction_list': [0, 0], 'arriving_time': [0.0056679473296624115, 5.393130175901091], 'demand': [8, 40], 'actual_allocation': [0, 0], 'truck_inventory': [0, 0], 'sat_profit': 0, 'rebalancing_cost': 0}, {'station_list': [1, 46], 'satisfaction_list': [28, 23], 'arriving_time': [0.00780482672869422, 9.199208824347743], 'demand': [-39, -24], 'actual_allocation': [28, 23], 'truck_inventory': [28, 51], 'sat_profit': 0, 'rebalancing_cost': 0}, {'station_list': [8, 98, 109], 'satisfaction_list': [0, 0, 0], 'arriving_time': [0.005611753962581448, 9.053874337295914, 10.503509888962581], 'demand': [10, 22, 13], 'actual_allocation': [0, 0, 0], 'truck_inventory': [0, 0, 0], 'sat_profit': 0, 'rebalancing_cost': 0}], 'sat_profit': 51, 'rebalancing_cost': 187.73404480429244, 'total_rebalancing_amount': 51}"
1,190.94764883137734,85,80.98880273118624,13,"{'routes': [{'station_list': [42, 73, 13], 'satisfaction_list': [0, 0, 0], 'arriving_time': [0.006961093375906842, 2.5738260838520977, 7.9667232933759085], 'demand': [13, 12, 4], 'actual_allocation': [0, 0, 0], 'truck_inventory': [0, 0, 0], 'sat_profit': 0, 'rebalancing_cost': 0}, {'station_list': [123, 46], 'satisfaction_list': [16, 23], 'arriving_time': [0.0035687290366377767, 8.303400029036638], 'demand': [-16, -24], 'actual_allocation': [16, 23], 'truck_inventory': [16, 39], 'sat_profit': 0, 'rebalancing_cost': 0}, {'station_list': [85, 70, 109, 94], 'satisfaction_list': [0, 8, 8, 0], 'arriving_time': [0.013529522532099667, 5.648347989198766, 9.249027699913052, 13.153376302294003], 'demand': [40, -8, 13, 8], 'actual_allocation': [0, 8, 8, 0], 'truck_inventory': [0, 8, 0, 0], 'sat_profit': 0, 'rebalancing_cost': 0}, {'station_list': [92, 15, 9, 24], 'satisfaction_list': [10.988802731186242, 9, 6, 0], 'arriving_time': [0.003732422937918685, 7.681431682461729, 11.334840734366491, 14.202400722461729], 'demand': [-15, 9, 10, 14], 'actual_allocation': [15, 9, 6, 0], 'truck_inventory': [15, 6, 0, 0], 'sat_profit': 0, 'rebalancing_cost': 0}], 'sat_profit': 80.98880273118624, 'rebalancing_cost': 190.94764883137734, 'total_rebalancing_amount': 85}"
2,184.93696900228477,40,37.78344908709764,9,"{'routes': [{'station_list': [145, 18], 'satisfaction_list': [8.78344908709764, 6], 'arriving_time': [0.007523142228345023, 9.743305882704536], 'demand': [-11, -6], 'actual_allocation': [11, 6], 'truck_inventory': [11, 17], 'sat_profit': 0, 'rebalancing_cost': 0}, {'station_list': [29, 123], 'satisfaction_list': [0, 16], 'arriving_time': [0.003135034863215557, 3.1088760729584535], 'demand': [10, -16], 'actual_allocation': [0, 16], 'truck_inventory': [0, 16], 'sat_profit': 0, 'rebalancing_cost': 0}, {'station_list': [58, 57, 113], 'satisfaction_list': [0, 0, 7], 'arriving_time': [0.011021544966281827, 0.41135456639485324, 8.648434849728186], 'demand': [9, 10, -7], 'actual_allocation': [0, 0, 7], 'truck_inventory': [0, 0, 7], 'sat_profit': 0, 'rebalancing_cost': 0}, {'station_list': [21, 115], 'satisfaction_list': [0, 0], 'arriving_time': [0.003871955604281048, 5.798246960366186], 'demand': [12, 49], 'actual_allocation': [0, 0], 'truck_inventory': [0, 0], 'sat_profit': 0, 'rebalancing_cost': 0}], 'sat_profit': 37.78344908709764, 'rebalancing_cost': 184.93696900228477, 'total_rebalancing_amount': 40}"
3,190.68311209563524,101,78.16223484278129,11,"{'routes': [{'station_list': [131, 42], 'satisfaction_list': [8.162234842781286, 0], 'arriving_time': [0.0022159119426910065, 6.913729650037928], 'demand': [-10, 13], 'actual_allocation': [10, 10], 'truck_inventory': [10, 0], 'sat_profit': 0, 'rebalancing_cost': 0}, {'station_list': [29, 152, 145], 'satisfaction_list': [0, 0, 0], 'arriving_time': [0.003135034863215557, 8.40030003962512, 10.31858584819655], 'demand': [10, 12, -11], 'actual_allocation': [0, 0, 11], 'truck_inventory': [0, 0, 11], 'sat_profit': 0, 'rebalancing_cost': 0}, {'station_list': [18, 85, 70], 'satisfaction_list': [6, 6, 8], 'arriving_time': [0.009759239821454888, 5.081982761250026, 11.716801227916692], 'demand': [-6, 40, -8], 'actual_allocation': [6, 6, 8], 'truck_inventory': [6, 0, 8], 'sat_profit': 0, 'rebalancing_cost': 0}, {'station_list': [52, 1, 24], 'satisfaction_list': [8, 28, 14], 'arriving_time': [0.008715069567665374, 3.093584070996237, 12.226729937662903], 'demand': [-8, -39, 14], 'actual_allocation': [8, 28, 14], 'truck_inventory': [8, 36, 22], 'sat_profit': 0, 'rebalancing_cost': 0}], 'sat_profit': 78.16223484278129, 'rebalancing_cost': 190.68311209563524, 'total_rebalancing_amount': 101}"
4,200.05882113684478,169,167.1622348427813,14,"{'routes': [{'station_list': [1, 24, 9], 'satisfaction_list': [28, 14, 10], 'arriving_time': [0.00780482672869422, 9.14095069339536, 13.341844014823932], 'demand': [-39, 14, 10], 'actual_allocation': [28, 14, 10], 'truck_inventory': [28, 14, 4], 'sat_profit': 0, 'rebalancing_cost': 0}, {'station_list': [13, 58, 46, 51], 'satisfaction_list': [0, 0, 23, 18], 'arriving_time': [0.0026964705661579502, 4.395582234851872, 8.367327415804253, 14.238848207232824], 'demand': [4, 9, -24, 18], 'actual_allocation': [0, 0, 23, 18], 'truck_inventory': [0, 0, 23, 5], 'sat_profit': 0, 'rebalancing_cost': 0}, {'station_list': [130, 123, 142], 'satisfaction_list': [0, 16, 16], 'arriving_time': [0.008598359043673185, 1.619881776900816, 6.861676305472245], 'demand': [11, -16, 21], 'actual_allocation': [0, 16, 16], 'truck_inventory': [0, 16, 0], 'sat_profit': 0, 'rebalancing_cost': 0}, {'station_list': [131, 70, 18, 88], 'satisfaction_list': [8.162234842781286, 8, 6, 20], 'arriving_time': [0.0022159119426910065, 7.295661811942691, 10.753681148847452, 12.698211327656976], 'demand': [-10, -8, -6, 29], 'actual_allocation': [10, 8, 6, 20], 'truck_inventory': [10, 18, 24, 4], 'sat_profit': 0, 'rebalancing_cost': 0}], 'sat_profit': 167.1622348427813, 'rebalancing_cost': 200.05882113684478, 'total_rebalancing_amount': 169}"
5,194.03835488508332,143,133.0,11,"{'routes': [{'station_list': [1, 24, 9], 'satisfaction_list': [28, 14, 10], 'arriving_time': [0.00780482672869422, 9.14095069339536, 13.341844014823932], 'demand': [-39, 14, 10], 'actual_allocation': [28, 14, 10], 'truck_inventory': [28, 14, 4], 'sat_profit': 0, 'rebalancing_cost': 0}, {'station_list': [46, 51], 'satisfaction_list': [23, 18], 'arriving_time': [0.005103300396147173, 5.876624091824718], 'demand': [-24, 18], 'actual_allocation': [23, 18], 'truck_inventory': [23, 5], 'sat_profit': 0, 'rebalancing_cost': 0}, {'station_list': [130, 123, 142, 138], 'satisfaction_list': [0, 16, 16, 0], 'arriving_time': [0.008598359043673185, 1.619881776900816, 6.861676305472245, 12.822502084043673], 'demand': [11, -16, 21, 10], 'actual_allocation': [0, 16, 16, 0], 'truck_inventory': [0, 16, 0, 0], 'sat_profit': 0, 'rebalancing_cost': 0}, {'station_list': [70, 131], 'satisfaction_list': [8, 0], 'arriving_time': [0.0046651372838485425, 6.964777703950515], 'demand': [-8, -10], 'actual_allocation': [8, 10], 'truck_inventory': [8, 18], 'sat_profit': 0, 'rebalancing_cost': 0}], 'sat_profit': 133, 'rebalancing_cost': 194.03835488508332, 'total_rebalancing_amount': 143}"
6,194.03835488508332,143,133.0,11,"{'routes': [{'station_list': [1, 24, 9], 'satisfaction_list': [28, 14, 10], 'arriving_time': [0.00780482672869422, 9.14095069339536, 13.341844014823932], 'demand': [-39, 14, 10], 'actual_allocation': [28, 14, 10], 'truck_inventory': [28, 14, 4], 'sat_profit': 0, 'rebalancing_cost': 0}, {'station_list': [46, 51], 'satisfaction_list': [23, 18], 'arriving_time': [0.005103300396147173, 5.876624091824718], 'demand': [-24, 18], 'actual_allocation': [23, 18], 'truck_inventory': [23, 5], 'sat_profit': 0, 'rebalancing_cost': 0}, {'station_list': [130, 123, 142, 138], 'satisfaction_list': [0, 16, 16, 0], 'arriving_time': [0.008598359043673185, 1.619881776900816, 6.861676305472245, 12.822502084043673], 'demand': [11, -16, 21, 10], 'actual_allocation': [0, 16, 16, 0], 'truck_inventory': [0, 16, 0, 0], 'sat_profit': 0, 'rebalancing_cost': 0}, {'station_list': [70, 131], 'satisfaction_list': [8, 0], 'arriving_time': [0.0046651372838485425, 6.964777703950515], 'demand': [-8, -10], 'actual_allocation': [8, 10], 'truck_inventory': [8, 18], 'sat_profit': 0, 'rebalancing_cost': 0}], 'sat_profit': 133, 'rebalancing_cost': 194.03835488508332, 'total_rebalancing_amount': 143}"
7,196.07702360408544,151,149.1622348427813,14,"{'routes': [{'station_list': [1, 24, 9], 'satisfaction_list': [28, 14, 10], 'arriving_time': [0.00780482672869422, 9.14095069339536, 13.341844014823932], 'demand': [-39, 14, 10], 'actual_allocation': [28, 14, 10], 'truck_inventory': [28, 14, 4], 'sat_profit': 0, 'rebalancing_cost': 0}, {'station_list': [94, 13, 46], 'satisfaction_list': [0, 0, 23], 'arriving_time': [0.0056679473296624115, 5.138093068758234, 9.331650523520139], 'demand': [8, 4, -24], 'actual_allocation': [0, 0, 23], 'truck_inventory': [0, 0, 23], 'sat_profit': 0, 'rebalancing_cost': 0}, {'station_list': [130, 123, 142, 138], 'satisfaction_list': [0, 16, 16, 0], 'arriving_time': [0.008598359043673185, 1.619881776900816, 6.861676305472245, 12.822502084043673], 'demand': [11, -16, 21, 10], 'actual_allocation': [0, 16, 16, 0], 'truck_inventory': [0, 16, 0, 0], 'sat_profit': 0, 'rebalancing_cost': 0}, {'station_list': [131, 70, 18, 88], 'satisfaction_list': [8.162234842781286, 8, 6, 20], 'arriving_time': [0.0022159119426910065, 7.295661811942691, 10.753681148847452, 12.698211327656976], 'demand': [-10, -8, -6, 29], 'actual_allocation': [10, 8, 6, 20], 'truck_inventory': [10, 18, 24, 4], 'sat_profit': 0, 'rebalancing_cost': 0}], 'sat_profit': 149.1622348427813, 'rebalancing_cost': 196.07702360408544, 'total_rebalancing_amount': 151}"
8,196.07702360408544,151,149.1622348427813,14,"{'routes': [{'station_list': [1, 24, 9], 'satisfaction_list': [28, 14, 10], 'arriving_time': [0.00780482672869422, 9.14095069339536, 13.341844014823932], 'demand': [-39, 14, 10], 'actual_allocation': [28, 14, 10], 'truck_inventory': [28, 14, 4], 'sat_profit': 0, 'rebalancing_cost': 0}, {'station_list': [94, 13, 46], 'satisfaction_list': [0, 0, 23], 'arriving_time': [0.0056679473296624115, 5.138093068758234, 9.331650523520139], 'demand': [8, 4, -24], 'actual_allocation': [0, 0, 23], 'truck_inventory': [0, 0, 23], 'sat_profit': 0, 'rebalancing_cost': 0}, {'station_list': [130, 123, 142, 138], 'satisfaction_list': [0, 16, 16, 0], 'arriving_time': [0.008598359043673185, 1.619881776900816, 6.861676305472245, 12.822502084043673], 'demand': [11, -16, 21, 10], 'actual_allocation': [0, 16, 16, 0], 'truck_inventory': [0, 16, 0, 0], 'sat_profit': 0, 'rebalancing_cost': 0}, {'station_list': [131, 70, 18, 88], 'satisfaction_list': [8.162234842781286, 8, 6, 20], 'arriving_time': [0.0022159119426910065, 7.295661811942691, 10.753681148847452, 12.698211327656976], 'demand': [-10, -8, -6, 29], 'actual_allocation': [10, 8, 6, 20], 'truck_inventory': [10, 18, 24, 4], 'sat_profit': 0, 'rebalancing_cost': 0}], 'sat_profit': 149.1622348427813, 'rebalancing_cost': 196.07702360408544, 'total_rebalancing_amount': 151}"
9,194.64060915941877,141,139.1622348427813,13,"{'routes': [{'station_list': [1, 24], 'satisfaction_list': [28, 14], 'arriving_time': [0.00780482672869422, 9.14095069339536], 'demand': [-39, 14], 'actual_allocation': [28, 14], 'truck_inventory': [28, 14], 'sat_profit': 0, 'rebalancing_cost': 0}, {'station_list': [94, 13, 46], 'satisfaction_list': [0, 0, 23], 'arriving_time': [0.0056679473296624115, 5.138093068758234, 9.331650523520139], 'demand': [8, 4, -24], 'actual_allocation': [0, 0, 23], 'truck_inventory': [0, 0, 23], 'sat_profit': 0, 'rebalancing_cost': 0}, {'station_list': [130, 123, 142, 138], 'satisfaction_list': [0, 16, 16, 0], 'arriving_time': [0.008598359043673185, 1.619881776900816, 6.861676305472245, 12.822502084043673], 'demand': [11, -16, 21, 10], 'actual_allocation': [0, 16, 16, 0], 'truck_inventory': [0, 16, 0, 0], 'sat_profit': 0, 'rebalancing_cost': 0}, {'station_list': [131, 70, 18, 88], 'satisfaction_list': [8.162234842781286, 8, 6, 20], 'arriving_time': [0.0022159119426910065, 7.295661811942691, 10.753681148847452, 12.698211327656976], 'demand': [-10, -8, -6, 29], 'actual_allocation': [10, 8, 6, 20], 'truck_inventory': [10, 18, 24, 4], 'sat_profit': 0, 'rebalancing_cost': 0}], 'sat_profit': 139.1622348427813, 'rebalancing_cost': 194.64060915941877, 'total_rebalancing_amount': 141}"
10,198.12637246642618,159,157.1622348427813,14,"{'routes': [{'station_list': [1, 24], 'satisfaction_list': [28, 14], 'arriving_time': [0.00780482672869422, 9.14095069339536], 'demand': [-39, 14], 'actual_allocation': [28, 14], 'truck_inventory': [28, 14], 'sat_profit': 0, 'rebalancing_cost': 0}, {'station_list': [58, 13, 46, 51], 'satisfaction_list': [0, 0, 23, 18], 'arriving_time': [0.011021544966281827, 4.403907309251997, 8.597464764013901, 14.468985555442472], 'demand': [9, 4, -24, 18], 'actual_allocation': [0, 0, 23, 18], 'truck_inventory': [0, 0, 23, 5], 'sat_profit': 0, 'rebalancing_cost': 0}, {'station_list': [130, 123, 142, 138], 'satisfaction_list': [0, 16, 16, 0], 'arriving_time': [0.008598359043673185, 1.619881776900816, 6.861676305472245, 12.822502084043673], 'demand': [11, -16, 21, 10], 'actual_allocation': [0, 16, 16, 0], 'truck_inventory': [0, 16, 0, 0], 'sat_profit': 0, 'rebalancing_cost': 0}, {'station_list': [131, 70, 18, 88], 'satisfaction_list': [8.162234842781286, 8, 6, 20], 'arriving_time': [0.0022159119426910065, 7.295661811942691, 10.753681148847452, 12.698211327656976], 'demand': [-10, -8, -6, 29], 'actual_allocation': [10, 8, 6, 20], 'truck_inventory': [10, 18, 24, 4], 'sat_profit': 0, 'rebalancing_cost': 0}], 'sat_profit': 157.1622348427813, 'rebalancing_cost': 198.12637246642618, 'total_rebalancing_amount': 159}"
11,192.13064415741667,133,123.0,10,"{'routes': [{'station_list': [1, 24], 'satisfaction_list': [28, 14], 'arriving_time': [0.00780482672869422, 9.14095069339536], 'demand': [-39, 14], 'actual_allocation': [28, 14], 'truck_inventory': [28, 14], 'sat_profit': 0, 'rebalancing_cost': 0}, {'station_list': [46, 51], 'satisfaction_list': [23, 18], 'arriving_time': [0.005103300396147173, 5.876624091824718], 'demand': [-24, 18], 'actual_allocation': [23, 18], 'truck_inventory': [23, 5], 'sat_profit': 0, 'rebalancing_cost': 0}, {'station_list': [130, 123, 142, 138], 'satisfaction_list': [0, 16, 16, 0], 'arriving_time': [0.008598359043673185, 1.619881776900816, 6.861676305472245, 12.822502084043673], 'demand': [11, -16, 21, 10], 'actual_allocation': [0, 16, 16, 0], 'truck_inventory': [0, 16, 0, 0], 'sat_profit': 0, 'rebalancing_cost': 0}, {'station_list': [70, 131], 'satisfaction_list': [8, 0], 'arriving_time': [0.0046651372838485425, 6.964777703950515], 'demand': [-8, -10], 'actual_allocation': [8, 10], 'truck_inventory': [8, 18], 'sat_profit': 0, 'rebalancing_cost': 0}], 'sat_profit': 123, 'rebalancing_cost': 192.13064415741667, 'total_rebalancing_amount': 133}"
12,191.20902034299007,121,121.0,11,"{'routes': [{'station_list': [1, 24], 'satisfaction_list': [28, 14], 'arriving_time': [0.00780482672869422, 9.14095069339536], 'demand': [-39, 14], 'actual_allocation': [28, 14], 'truck_inventory': [28, 14], 'sat_profit': 0, 'rebalancing_cost': 0}, {'station_list': [46, 51], 'satisfaction_list': [23, 18], 'arriving_time': [0.005103300396147173, 5.876624091824718], 'demand': [-24, 18], 'actual_allocation': [23, 18], 'truck_inventory': [23, 5], 'sat_profit': 0, 'rebalancing_cost': 0}, {'station_list': [130, 123, 142, 138], 'satisfaction_list': [0, 16, 16, 0], 'arriving_time': [0.008598359043673185, 1.619881776900816, 6.861676305472245, 12.822502084043673], 'demand': [11, -16, 21, 10], 'actual_allocation': [0, 16, 16, 0], 'truck_inventory': [0, 16, 0, 0], 'sat_profit': 0, 'rebalancing_cost': 0}, {'station_list': [57, 88, 18], 'satisfaction_list': [0, 0, 6], 'arriving_time': [0.008897176506305692, 5.683047966982496, 6.62757814579202], 'demand': [10, 29, -6], 'actual_allocation': [0, 0, 6], 'truck_inventory': [0, 0, 6], 'sat_profit': 0, 'rebalancing_cost': 0}], 'sat_profit': 121, 'rebalancing_cost': 191.20902034299007, 'total_rebalancing_amount': 121}"
13,193.0720981513811,126,126.0,13,"{'routes': [{'station_list': [73, 13, 113], 'satisfaction_list': [0, 0, 7], 'arriving_time': [0.009657540320634346, 5.402554749844445, 12.859221268892064], 'demand': [12, 4, -7], 'actual_allocation': [0, 0, 7], 'truck_inventory': [0, 0, 7], 'sat_profit': 0, 'rebalancing_cost': 0}, {'station_list': [18, 88, 70, 109, 94], 'satisfaction_list': [6, 6, 8, 8, 0], 'arriving_time': [0.009759239821454888, 1.954289418630979, 5.4547768305357405, 9.055456541250027, 12.95980514363098], 'demand': [-6, 29, -8, 13, 8], 'actual_allocation': [6, 6, 8, 8, 0], 'truck_inventory': [6, 0, 8, 0, 0], 'sat_profit': 0, 'rebalancing_cost': 0}, {'station_list': [1, 24, 9], 'satisfaction_list': [28, 14, 10], 'arriving_time': [0.00780482672869422, 9.14095069339536, 13.341844014823932], 'demand': [-39, 14, 10], 'actual_allocation': [28, 14, 10], 'truck_inventory': [28, 14, 4], 'sat_profit': 0, 'rebalancing_cost': 0}, {'station_list': [123, 46], 'satisfaction_list': [16, 23], 'arriving_time': [0.0035687290366377767, 8.303400029036638], 'demand': [-16, -24], 'actual_allocation': [16, 23], 'truck_inventory': [16, 39], 'sat_profit': 0, 'rebalancing_cost': 0}], 'sat_profit': 126, 'rebalancing_cost': 193.0720981513811, 'total_rebalancing_amount': 126}"
14,189.4657782223301,79,74.98880273118624,12,"{'routes': [{'station_list': [18, 57], 'satisfaction_list': [6, 6], 'arriving_time': [0.009759239821454888, 7.605252266011931], 'demand': [-6, 10], 'actual_allocation': [6, 6], 'truck_inventory': [6, 0], 'sat_profit': 0, 'rebalancing_cost': 0}, {'station_list': [94, 98, 13, 17, 14], 'satisfaction_list': [0, 0, 0, 0, 0], 'arriving_time': [0.0056679473296624115, 2.2284911161391867, 7.338555842329663, 8.945485704234425, 13.364666635186806], 'demand': [8, 22, 4, 8, 12], 'actual_allocation': [0, 0, 0, 0, 0], 'truck_inventory': [0, 0, 0, 0, 0], 'sat_profit': 0, 'rebalancing_cost': 0}, {'station_list': [92, 15, 24], 'satisfaction_list': [10.988802731186242, 9, 6], 'arriving_time': [0.003732422937918685, 7.681431682461729, 11.929130696747443], 'demand': [-15, 9, 14], 'actual_allocation': [15, 9, 6], 'truck_inventory': [15, 6, 0], 'sat_profit': 0, 'rebalancing_cost': 0}, {'station_list': [1, 58], 'satisfaction_list': [28, 9], 'arriving_time': [0.00780482672869422, 5.382917080062027], 'demand': [-39, 9], 'actual_allocation': [28, 9], 'truck_inventory': [28, 19], 'sat_profit': 0, 'rebalancing_cost': 0}], 'sat_profit': 74.98880273118624, 'rebalancing_cost': 189.4657782223301, 'total_rebalancing_amount': 79}"
15,191.06751049299032,114,114.0,12,"{'routes': [{'station_list': [98, 18, 85, 21], 'satisfaction_list': [0, 6, 6, 0], 'arriving_time': [0.00506413246896598, 3.074059551516585, 8.146283072945156, 10.63605485818325], 'demand': [22, -6, 40, 12], 'actual_allocation': [0, 6, 6, 0], 'truck_inventory': [0, 6, 0, 0], 'sat_profit': 0, 'rebalancing_cost': 0}, {'station_list': [113, 37, 14], 'satisfaction_list': [7, 7, 0], 'arriving_time': [0.004757476884700319, 4.360233614979938, 9.422303281646604], 'demand': [-7, 7, 12], 'actual_allocation': [7, 7, 0], 'truck_inventory': [7, 0, 0], 'sat_profit': 0, 'rebalancing_cost': 0}, {'station_list': [46, 1, 57], 'satisfaction_list': [23, 28, 10], 'arriving_time': [0.005103300396147173, 8.363173964681861, 14.136320201348529], 'demand': [-24, -39, 10], 'actual_allocation': [23, 28, 10], 'truck_inventory': [23, 51, 41], 'sat_profit': 0, 'rebalancing_cost': 0}, {'station_list': [123, 130], 'satisfaction_list': [16, 11], 'arriving_time': [0.0035687290366377767, 4.281518813560447], 'demand': [-16, 11], 'actual_allocation': [16, 11], 'truck_inventory': [16, 5], 'sat_profit': 0, 'rebalancing_cost': 0}], 'sat_profit': 114, 'rebalancing_cost': 191.06751049299032, 'total_rebalancing_amount': 114}"
16,190.41786165840497,100,100.0,11,"{'routes': [{'station_list': [98, 18, 85, 21], 'satisfaction_list': [0, 6, 6, 0], 'arriving_time': [0.00506413246896598, 3.074059551516585, 8.146283072945156, 10.63605485818325], 'demand': [22, -6, 40, 12], 'actual_allocation': [0, 6, 6, 0], 'truck_inventory': [0, 6, 0, 0], 'sat_profit': 0, 'rebalancing_cost': 0}, {'station_list': [109, 84], 'satisfaction_list': [0, 0], 'arriving_time': [0.006014107237072935, 7.228555111998977], 'demand': [13, 8], 'actual_allocation': [0, 0], 'truck_inventory': [0, 0], 'sat_profit': 0, 'rebalancing_cost': 0}, {'station_list': [46, 1, 57], 'satisfaction_list': [23, 28, 10], 'arriving_time': [0.005103300396147173, 8.363173964681861, 14.136320201348529], 'demand': [-24, -39, 10], 'actual_allocation': [23, 28, 10], 'truck_inventory': [23, 51, 41], 'sat_profit': 0, 'rebalancing_cost': 0}, {'station_list': [123, 130], 'satisfaction_list': [16, 11], 'arriving_time': [0.0035687290366377767, 4.281518813560447], 'demand': [-16, 11], 'actual_allocation': [16, 11], 'truck_inventory': [16, 5], 'sat_profit': 0, 'rebalancing_cost': 0}], 'sat_profit': 100, 'rebalancing_cost': 190.41786165840497, 'total_rebalancing_amount': 100}"
17,190.34484985106232,97,97.0,11,"{'routes': [{'station_list': [98, 18, 85, 21], 'satisfaction_list': [0, 6, 6, 0], 'arriving_time': [0.00506413246896598, 3.074059551516585, 8.146283072945156, 10.63605485818325], 'demand': [22, -6, 40, 12], 'actual_allocation': [0, 6, 6, 0], 'truck_inventory': [0, 6, 0, 0], 'sat_profit': 0, 'rebalancing_cost': 0}, {'station_list': [14, 37, 113], 'satisfaction_list': [0, 0, 7], 'arriving_time': [0.002089769136331581, 3.8974927691363317, 7.086302240564903], 'demand': [12, 7, -7], 'actual_allocation': [0, 0, 7], 'truck_inventory': [0, 0, 7], 'sat_profit': 0, 'rebalancing_cost': 0}, {'station_list': [1, 46], 'satisfaction_list': [28, 23], 'arriving_time': [0.00780482672869422, 9.199208824347743], 'demand': [-39, -24], 'actual_allocation': [28, 23], 'truck_inventory': [28, 51], 'sat_profit': 0, 'rebalancing_cost': 0}, {'station_list': [123, 130], 'satisfaction_list': [16, 11], 'arriving_time': [0.0035687290366377767, 4.281518813560447], 'demand': [-16, 11], 'actual_allocation': [16, 11], 'truck_inventory': [16, 5], 'sat_profit': 0, 'rebalancing_cost': 0}], 'sat_profit': 97, 'rebalancing_cost': 190.34484985106232, 'total_rebalancing_amount': 97}"
18,190.56144607906933,107,107.0,12,"{'routes': [{'station_list': [98, 18, 85, 21], 'satisfaction_list': [0, 6, 6, 0], 'arriving_time': [0.00506413246896598, 3.074059551516585, 8.146283072945156, 10.63605485818325], 'demand': [22, -6, 40, 12], 'actual_allocation': [0, 6, 6, 0], 'truck_inventory': [0, 6, 0, 0], 'sat_profit': 0, 'rebalancing_cost': 0}, {'station_list': [14, 37, 113], 'satisfaction_list': [0, 0, 7], 'arriving_time': [0.002089769136331581, 3.8974927691363317, 7.086302240564903], 'demand': [12, 7, -7], 'actual_allocation': [0, 0, 7], 'truck_inventory': [0, 0, 7], 'sat_profit': 0, 'rebalancing_cost': 0}, {'station_list': [46, 1, 57], 'satisfaction_list': [23, 28, 10], 'arriving_time': [0.005103300396147173, 8.363173964681861, 14.136320201348529], 'demand': [-24, -39, 10], 'actual_allocation': [23, 28, 10], 'truck_inventory': [23, 51, 41], 'sat_profit': 0, 'rebalancing_cost': 0}, {'station_list': [123, 130], 'satisfaction_list': [16, 11], 'arriving_time': [0.0035687290366377767, 4.281518813560447], 'demand': [-16, 11], 'actual_allocation': [16, 11], 'truck_inventory': [16, 5], 'sat_profit': 0, 'rebalancing_cost': 0}], 'sat_profit': 107, 'rebalancing_cost': 190.56144607906933, 'total_rebalancing_amount': 107}"
19,190.07023754439567,90,90.0,11,"{'routes': [{'station_list': [98, 18, 85, 21], 'satisfaction_list': [0, 6, 6, 0], 'arriving_time': [0.00506413246896598, 3.074059551516585, 8.146283072945156, 10.63605485818325], 'demand': [22, -6, 40, 12], 'actual_allocation': [0, 6, 6, 0], 'truck_inventory': [0, 6, 0, 0], 'sat_profit': 0, 'rebalancing_cost': 0}, {'station_list': [14, 37, 9], 'satisfaction_list': [0, 0, 0], 'arriving_time': [0.002089769136331581, 3.8974927691363317, 9.201222488183951], 'demand': [12, 7, 10], 'actual_allocation': [0, 0, 0], 'truck_inventory': [0, 0, 0], 'sat_profit': 0, 'rebalancing_cost': 0}, {'station_list': [1, 46], 'satisfaction_list': [28, 23], 'arriving_time': [0.00780482672869422, 9.199208824347743], 'demand': [-39, -24], 'actual_allocation': [28, 23], 'truck_inventory': [28, 51], 'sat_profit': 0, 'rebalancing_cost': 0}, {'station_list': [123, 130], 'satisfaction_list': [16, 11], 'arriving_time': [0.0035687290366377767, 4.281518813560447], 'demand': [-16, 11], 'actual_allocation': [16, 11], 'truck_inventory': [16, 5], 'sat_profit': 0, 'rebalancing_cost': 0}], 'sat_profit': 90, 'rebalancing_cost': 190.07023754439567, 'total_rebalancing_amount': 90}"
20,192.76321646785698,130,130.0,13,"{'routes': [{'station_list': [98, 18, 21, 85], 'satisfaction_list': [0, 6, 6, 0], 'arriving_time': [0.00506413246896598, 3.074059551516585, 8.100781872945156, 10.59055365818325], 'demand': [22, -6, 12, 40], 'actual_allocation': [0, 6, 6, 0], 'truck_inventory': [0, 6, 0, 0], 'sat_profit': 0, 'rebalancing_cost': 0}, {'station_list': [113, 109, 70, 14], 'satisfaction_list': [7, 7, 8, 8], 'arriving_time': [0.004757476884700319, 2.741422738075176, 6.175435782122795, 13.213958205932318], 'demand': [-7, 13, -8, 12], 'actual_allocation': [7, 7, 8, 8], 'truck_inventory': [7, 0, 8, 0], 'sat_profit': 0, 'rebalancing_cost': 0}, {'station_list': [46, 1, 57], 'satisfaction_list': [23, 28, 10], 'arriving_time': [0.005103300396147173, 8.363173964681861, 14.136320201348529], 'demand': [-24, -39, 10], 'actual_allocation': [23, 28, 10], 'truck_inventory': [23, 51, 41], 'sat_profit': 0, 'rebalancing_cost': 0}, {'station_list': [123, 130], 'satisfaction_list': [16, 11], 'arriving_time': [0.0035687290366377767, 4.281518813560447], 'demand': [-16, 11], 'actual_allocation': [16, 11], 'truck_inventory': [16, 5], 'sat_profit': 0, 'rebalancing_cost': 0}], 'sat_profit': 130, 'rebalancing_cost': 192.76321646785698, 'total_rebalancing_amount': 130}"
21,190.89273107001682,114,108.0,11,"{'routes': [{'station_list': [85, 18, 98], 'satisfaction_list': [0, 6, 0], 'arriving_time': [0.013529522532099667, 4.08575304396067, 8.15474846300829], 'demand': [40, -6, 22], 'actual_allocation': [0, 6, 6], 'truck_inventory': [0, 6, 0], 'sat_profit': 0, 'rebalancing_cost': 0}, {'station_list': [113, 37, 14], 'satisfaction_list': [7, 7, 0], 'arriving_time': [0.004757476884700319, 4.360233614979938, 9.422303281646604], 'demand': [-7, 7, 12], 'actual_allocation': [7, 7, 0], 'truck_inventory': [7, 0, 0], 'sat_profit': 0, 'rebalancing_cost': 0}, {'station_list': [46, 1, 57], 'satisfaction_list': [23, 28, 10], 'arriving_time': [0.005103300396147173, 8.363173964681861, 14.136320201348529], 'demand': [-24, -39, 10], 'actual_allocation': [23, 28, 10], 'truck_inventory': [23, 51, 41], 'sat_profit': 0, 'rebalancing_cost': 0}, {'station_list': [123, 130], 'satisfaction_list': [16, 11], 'arriving_time': [0.0035687290366377767, 4.281518813560447], 'demand': [-16, 11], 'actual_allocation': [16, 11], 'truck_inventory': [16, 5], 'sat_profit': 0, 'rebalancing_cost': 0}], 'sat_profit': 108, 'rebalancing_cost': 190.89273107001682, 'total_rebalancing_amount': 114}"
22,193.29382518340657,161,146.17493370484698,11,"{'routes': [{'station_list': [92, 18, 85], 'satisfaction_list': [10.988802731186242, 6, 10.186130973660742], 'arriving_time': [0.003732422937918685, 5.019173865795062, 10.091397387223633], 'demand': [-15, -6, 40], 'actual_allocation': [15, 6, 21], 'truck_inventory': [15, 21, 0], 'sat_profit': 0, 'rebalancing_cost': 0}, {'station_list': [1, 51], 'satisfaction_list': [28, 18], 'arriving_time': [0.00780482672869422, 7.685600921966789], 'demand': [-39, 18], 'actual_allocation': [28, 18], 'truck_inventory': [28, 10], 'sat_profit': 0, 'rebalancing_cost': 0}, {'station_list': [123, 115], 'satisfaction_list': [16, 16], 'arriving_time': [0.0035687290366377767, 7.361937290941399], 'demand': [-16, 49], 'actual_allocation': [16, 16], 'truck_inventory': [16, 0], 'sat_profit': 0, 'rebalancing_cost': 0}, {'station_list': [42, 46, 52, 57], 'satisfaction_list': [0, 23, 8, 10], 'arriving_time': [0.006961093375906842, 3.4534242957568595, 10.568622343375907, 12.551991286233049], 'demand': [13, -24, -8, 10], 'actual_allocation': [0, 23, 8, 10], 'truck_inventory': [0, 23, 31, 21], 'sat_profit': 0, 'rebalancing_cost': 0}], 'sat_profit': 146.17493370484698, 'rebalancing_cost': 193.29382518340657, 'total_rebalancing_amount': 161}"
23,197.81974682153796,157,151.15103757396753,11,"{'routes': [{'station_list': [92, 37, 109], 'satisfaction_list': [10.988802731186242, 7, 8], 'arriving_time': [0.003732422937918685, 5.95682839436649, 10.808645539604585], 'demand': [-15, 7, 13], 'actual_allocation': [15, 7, 8], 'truck_inventory': [15, 8, 0], 'sat_profit': 0, 'rebalancing_cost': 0}, {'station_list': [123, 115], 'satisfaction_list': [16, 16], 'arriving_time': [0.0035687290366377767, 7.361937290941399], 'demand': [-16, 49], 'actual_allocation': [16, 16], 'truck_inventory': [16, 0], 'sat_profit': 0, 'rebalancing_cost': 0}, {'station_list': [131, 113, 46], 'satisfaction_list': [8.162234842781286, 7, 23], 'arriving_time': [0.0022159119426910065, 4.300746869085548, 10.063741438133167], 'demand': [-10, -7, -24], 'actual_allocation': [10, 7, 23], 'truck_inventory': [10, 17, 40], 'sat_profit': 0, 'rebalancing_cost': 0}, {'station_list': [1, 58, 51], 'satisfaction_list': [28, 9, 18], 'arriving_time': [0.00780482672869422, 5.382917080062027, 9.214842964347742], 'demand': [-39, 9, 18], 'actual_allocation': [28, 9, 18], 'truck_inventory': [28, 19, 1], 'sat_profit': 0, 'rebalancing_cost': 0}], 'sat_profit': 151.15103757396753, 'rebalancing_cost': 197.81974682153796, 'total_rebalancing_amount': 157}"
24,197.81974682153796,157,151.15103757396753,11,"{'routes': [{'station_list': [92, 37, 109], 'satisfaction_list': [10.988802731186242, 7, 8], 'arriving_time': [0.003732422937918685, 5.95682839436649, 10.808645539604585], 'demand': [-15, 7, 13], 'actual_allocation': [15, 7, 8], 'truck_inventory': [15, 8, 0], 'sat_profit': 0, 'rebalancing_cost': 0}, {'station_list': [123, 115], 'satisfaction_list': [16, 16], 'arriving_time': [0.0035687290366377767, 7.361937290941399], 'demand': [-16, 49], 'actual_allocation': [16, 16], 'truck_inventory': [16, 0], 'sat_profit': 0, 'rebalancing_cost': 0}, {'station_list': [131, 113, 46], 'satisfaction_list': [8.162234842781286, 7, 23], 'arriving_time': [0.0022159119426910065, 4.300746869085548, 10.063741438133167], 'demand': [-10, -7, -24], 'actual_allocation': [10, 7, 23], 'truck_inventory': [10, 17, 40], 'sat_profit': 0, 'rebalancing_cost': 0}, {'station_list': [1, 58, 51], 'satisfaction_list': [28, 9, 18], 'arriving_time': [0.00780482672869422, 5.382917080062027, 9.214842964347742], 'demand': [-39, 9, 18], 'actual_allocation': [28, 9, 18], 'truck_inventory': [28, 19, 1], 'sat_profit': 0, 'rebalancing_cost': 0}], 'sat_profit': 151.15103757396753, 'rebalancing_cost': 197.81974682153796, 'total_rebalancing_amount': 157}"
25,192.41454777036898,148,128.80497406435387,11,"{'routes': [{'station_list': [46, 57, 15], 'satisfaction_list': [23, 10, 9], 'arriving_time': [0.005103300396147173, 7.485572552777099, 11.577549959919956], 'demand': [-24, 10, 9], 'actual_allocation': [23, 10, 9], 'truck_inventory': [23, 13, 4], 'sat_profit': 0, 'rebalancing_cost': 0}, {'station_list': [92, 18, 85], 'satisfaction_list': [10.988802731186242, 6, 10.186130973660742], 'arriving_time': [0.003732422937918685, 5.019173865795062, 10.091397387223633], 'demand': [-15, -6, 40], 'actual_allocation': [15, 6, 21], 'truck_inventory': [15, 21, 0], 'sat_profit': 0, 'rebalancing_cost': 0}, {'station_list': [1, 51], 'satisfaction_list': [28, 18], 'arriving_time': [0.00780482672869422, 7.685600921966789], 'demand': [-39, 18], 'actual_allocation': [28, 18], 'truck_inventory': [28, 10], 'sat_profit': 0, 'rebalancing_cost': 0}, {'station_list': [138, 145, 37], 'satisfaction_list': [0, 6.630040359506896, 7], 'arriving_time': [0.007196985895133855, 0.986345291133229, 10.09598324113323], 'demand': [10, -11, 7], 'actual_allocation': [0, 11, 7], 'truck_inventory': [0, 11, 4], 'sat_profit': 0, 'rebalancing_cost': 0}], 'sat_profit': 128.80497406435387, 'rebalancing_cost': 192.41454777036898, 'total_rebalancing_amount': 148}"
26,192.23003916212326,139,125.15679550594797,11,"{'routes': [{'station_list': [138, 145, 37, 98], 'satisfaction_list': [0, 6.630040359506896, 7, 0], 'arriving_time': [0.007196985895133855, 0.986345291133229, 10.09598324113323, 14.221985572085611], 'demand': [10, -11, 7, 22], 'actual_allocation': [0, 11, 7, 4], 'truck_inventory': [0, 11, 4, 0], 'sat_profit': 0, 'rebalancing_cost': 0}, {'station_list': [123, 115], 'satisfaction_list': [16, 16], 'arriving_time': [0.0035687290366377767, 7.361937290941399], 'demand': [-16, 49], 'actual_allocation': [16, 16], 'truck_inventory': [16, 0], 'sat_profit': 0, 'rebalancing_cost': 0}, {'station_list': [70, 42, 46], 'satisfaction_list': [8, 2.5267551464410807, 23], 'arriving_time': [0.0046651372838485425, 2.6707780334743245, 7.4505745691886105], 'demand': [-8, 13, -24], 'actual_allocation': [8, 8, 23], 'truck_inventory': [8, 0, 23], 'sat_profit': 0, 'rebalancing_cost': 0}, {'station_list': [1, 51], 'satisfaction_list': [28, 18], 'arriving_time': [0.00780482672869422, 7.685600921966789], 'demand': [-39, 18], 'actual_allocation': [28, 18], 'truck_inventory': [28, 10], 'sat_profit': 0, 'rebalancing_cost': 0}], 'sat_profit': 125.15679550594797, 'rebalancing_cost': 192.23003916212326, 'total_rebalancing_amount': 139}"
27,192.23003916212326,139,125.15679550594797,11,"{'routes': [{'station_list': [138, 145, 37, 98], 'satisfaction_list': [0, 6.630040359506896, 7, 0], 'arriving_time': [0.007196985895133855, 0.986345291133229, 10.09598324113323, 14.221985572085611], 'demand': [10, -11, 7, 22], 'actual_allocation': [0, 11, 7, 4], 'truck_inventory': [0, 11, 4, 0], 'sat_profit': 0, 'rebalancing_cost': 0}, {'station_list': [123, 115], 'satisfaction_list': [16, 16], 'arriving_time': [0.0035687290366377767, 7.361937290941399], 'demand': [-16, 49], 'actual_allocation': [16, 16], 'truck_inventory': [16, 0], 'sat_profit': 0, 'rebalancing_cost': 0}, {'station_list': [70, 42, 46], 'satisfaction_list': [8, 2.5267551464410807, 23], 'arriving_time': [0.0046651372838485425, 2.6707780334743245, 7.4505745691886105], 'demand': [-8, 13, -24], 'actual_allocation': [8, 8, 23], 'truck_inventory': [8, 0, 23], 'sat_profit': 0, 'rebalancing_cost': 0}, {'station_list': [1, 51], 'satisfaction_list': [28, 18], 'arriving_time': [0.00780482672869422, 7.685600921966789], 'demand': [-39, 18], 'actual_allocation': [28, 18], 'truck_inventory': [28, 10], 'sat_profit': 0, 'rebalancing_cost': 0}], 'sat_profit': 125.15679550594797, 'rebalancing_cost': 192.23003916212326, 'total_rebalancing_amount': 139}"
28,192.23003916212326,139,125.15679550594797,11,"{'routes': [{'station_list': [138, 145, 37, 98], 'satisfaction_list': [0, 6.630040359506896, 7, 0], 'arriving_time': [0.007196985895133855, 0.986345291133229, 10.09598324113323, 14.221985572085611], 'demand': [10, -11, 7, 22], 'actual_allocation': [0, 11, 7, 4], 'truck_inventory': [0, 11, 4, 0], 'sat_profit': 0, 'rebalancing_cost': 0}, {'station_list': [123, 115], 'satisfaction_list': [16, 16], 'arriving_time': [0.0035687290366377767, 7.361937290941399], 'demand': [-16, 49], 'actual_allocation': [16, 16], 'truck_inventory': [16, 0], 'sat_profit': 0, 'rebalancing_cost': 0}, {'station_list': [70, 42, 46], 'satisfaction_list': [8, 2.5267551464410807, 23], 'arriving_time': [0.0046651372838485425, 2.6707780334743245, 7.4505745691886105], 'demand': [-8, 13, -24], 'actual_allocation': [8, 8, 23], 'truck_inventory': [8, 0, 23], 'sat_profit': 0, 'rebalancing_cost': 0}, {'station_list': [1, 51], 'satisfaction_list': [28, 18], 'arriving_time': [0.00780482672869422, 7.685600921966789], 'demand': [-39, 18], 'actual_allocation': [28, 18], 'truck_inventory': [28, 10], 'sat_profit': 0, 'rebalancing_cost': 0}], 'sat_profit': 125.15679550594797, 'rebalancing_cost': 192.23003916212326, 'total_rebalancing_amount': 139}"
29,176.6114162726302,84,84.0,6,"{'routes': [{'station_list': [46, 15, 51], 'satisfaction_list': [23, 9, 14], 'arriving_time': [0.005103300396147173, 6.877881438491385, 11.208055778967577], 'demand': [-24, 9, 18], 'actual_allocation': [23, 9, 14], 'truck_inventory': [23, 14, 0], 'sat_profit': 0, 'rebalancing_cost': 0}, {'station_list': [13], 'satisfaction_list': [0], 'arriving_time': [0.0026964705661579502], 'demand': [4], 'actual_allocation': [0], 'truck_inventory': [0], 'sat_profit': 0, 'rebalancing_cost': 0}, {'station_list': [1, 8], 'satisfaction_list': [28, 10], 'arriving_time': [0.00780482672869422, 6.251624208157265], 'demand': [-39, 10], 'actual_allocation': [28, 10], 'truck_inventory': [28, 18], 'sat_profit': 0, 'rebalancing_cost': 0}], 'sat_profit': 84, 'rebalancing_cost': 176.6114162726302, 'total_rebalancing_amount': 84}"
30,199.52750109719125,168,161.77225181828388,13,"{'routes': [{'station_list': [145, 115, 42], 'satisfaction_list': [8.78344908709764, 11, 0], 'arriving_time': [0.007523142228345023, 5.962113104133106, 10.720948625561677], 'demand': [-11, 49, 13], 'actual_allocation': [11, 11, 0], 'truck_inventory': [11, 0, 0], 'sat_profit': 0, 'rebalancing_cost': 0}, {'station_list': [123, 109, 18, 94], 'satisfaction_list': [16, 13, 6, 8], 'arriving_time': [0.0035687290366377767, 5.436527293322352, 11.780592295703304, 14.976314422846162], 'demand': [-16, 13, -6, 8], 'actual_allocation': [16, 13, 6, 8], 'truck_inventory': [16, 3, 9, 1], 'sat_profit': 0, 'rebalancing_cost': 0}, {'station_list': [1, 51, 15], 'satisfaction_list': [28, 18, 9], 'arriving_time': [0.00780482672869422, 7.685600921966789, 13.515775262442979], 'demand': [-39, 18, 9], 'actual_allocation': [28, 18, 9], 'truck_inventory': [28, 10, 1], 'sat_profit': 0, 'rebalancing_cost': 0}, {'station_list': [92, 46, 29], 'satisfaction_list': [10.988802731186242, 23, 10], 'arriving_time': [0.003732422937918685, 6.079695027699824, 12.626978777699824], 'demand': [-15, -24, 10], 'actual_allocation': [15, 23, 10], 'truck_inventory': [15, 38, 28], 'sat_profit': 0, 'rebalancing_cost': 0}], 'sat_profit': 161.77225181828388, 'rebalancing_cost': 199.52750109719125, 'total_rebalancing_amount': 168}"
31,196.49869493245794,160,153.77225181828388,12,"{'routes': [{'station_list': [145, 115, 42], 'satisfaction_list': [8.78344908709764, 11, 0], 'arriving_time': [0.007523142228345023, 5.962113104133106, 10.720948625561677], 'demand': [-11, 49, 13], 'actual_allocation': [11, 11, 0], 'truck_inventory': [11, 0, 0], 'sat_profit': 0, 'rebalancing_cost': 0}, {'station_list': [123, 109, 18], 'satisfaction_list': [16, 13, 6], 'arriving_time': [0.0035687290366377767, 5.436527293322352, 11.780592295703304], 'demand': [-16, 13, -6], 'actual_allocation': [16, 13, 6], 'truck_inventory': [16, 3, 9], 'sat_profit': 0, 'rebalancing_cost': 0}, {'station_list': [1, 51, 15], 'satisfaction_list': [28, 18, 9], 'arriving_time': [0.00780482672869422, 7.685600921966789, 13.515775262442979], 'demand': [-39, 18, 9], 'actual_allocation': [28, 18, 9], 'truck_inventory': [28, 10, 1], 'sat_profit': 0, 'rebalancing_cost': 0}, {'station_list': [92, 46, 29], 'satisfaction_list': [10.988802731186242, 23, 10], 'arriving_time': [0.003732422937918685, 6.079695027699824, 12.626978777699824], 'demand': [-15, -24, 10], 'actual_allocation': [15, 23, 10], 'truck_inventory': [15, 38, 28], 'sat_profit': 0, 'rebalancing_cost': 0}], 'sat_profit': 153.77225181828388, 'rebalancing_cost': 196.49869493245794, 'total_rebalancing_amount': 160}"
32,198.11166553485793,163,156.77225181828388,13,"{'routes': [{'station_list': [145, 115, 42], 'satisfaction_list': [8.78344908709764, 11, 0], 'arriving_time': [0.007523142228345023, 5.962113104133106, 10.720948625561677], 'demand': [-11, 49, 13], 'actual_allocation': [11, 11, 0], 'truck_inventory': [11, 0, 0], 'sat_profit': 0, 'rebalancing_cost': 0}, {'station_list': [123, 109, 94, 18], 'satisfaction_list': [16, 13, 3, 6], 'arriving_time': [0.0035687290366377767, 5.436527293322352, 10.174209229036638, 12.869931356179496], 'demand': [-16, 13, 8, -6], 'actual_allocation': [16, 13, 3, 6], 'truck_inventory': [16, 3, 0, 6], 'sat_profit': 0, 'rebalancing_cost': 0}, {'station_list': [1, 51, 15], 'satisfaction_list': [28, 18, 9], 'arriving_time': [0.00780482672869422, 7.685600921966789, 13.515775262442979], 'demand': [-39, 18, 9], 'actual_allocation': [28, 18, 9], 'truck_inventory': [28, 10, 1], 'sat_profit': 0, 'rebalancing_cost': 0}, {'station_list': [92, 46, 29], 'satisfaction_list': [10.988802731186242, 23, 10], 'arriving_time': [0.003732422937918685, 6.079695027699824, 12.626978777699824], 'demand': [-15, -24, 10], 'actual_allocation': [15, 23, 10], 'truck_inventory': [15, 38, 28], 'sat_profit': 0, 'rebalancing_cost': 0}], 'sat_profit': 156.77225181828388, 'rebalancing_cost': 198.11166553485793, 'total_rebalancing_amount': 163}"
33,200.36569004725794,169,162.77225181828388,13,"{'routes': [{'station_list': [145, 115, 42], 'satisfaction_list': [8.78344908709764, 11, 0], 'arriving_time': [0.007523142228345023, 5.962113104133106, 10.720948625561677], 'demand': [-11, 49, 13], 'actual_allocation': [11, 11, 0], 'truck_inventory': [11, 0, 0], 'sat_profit': 0, 'rebalancing_cost': 0}, {'station_list': [123, 109, 18, 94], 'satisfaction_list': [16, 13, 6, 8], 'arriving_time': [0.0035687290366377767, 5.436527293322352, 11.780592295703304, 14.976314422846162], 'demand': [-16, 13, -6, 8], 'actual_allocation': [16, 13, 6, 8], 'truck_inventory': [16, 3, 9, 1], 'sat_profit': 0, 'rebalancing_cost': 0}, {'station_list': [1, 58, 88], 'satisfaction_list': [28, 9, 19], 'arriving_time': [0.00780482672869422, 5.382917080062027, 12.674286294347741], 'demand': [-39, 9, 29], 'actual_allocation': [28, 9, 19], 'truck_inventory': [28, 19, 0], 'sat_profit': 0, 'rebalancing_cost': 0}, {'station_list': [92, 46, 29], 'satisfaction_list': [10.988802731186242, 23, 10], 'arriving_time': [0.003732422937918685, 6.079695027699824, 12.626978777699824], 'demand': [-15, -24, 10], 'actual_allocation': [15, 23, 10], 'truck_inventory': [15, 38, 28], 'sat_profit': 0, 'rebalancing_cost': 0}], 'sat_profit': 162.77225181828388, 'rebalancing_cost': 200.36569004725794, 'total_rebalancing_amount': 169}"
34,196.12257437047128,153,147.15103757396753,11,"{'routes': [{'station_list': [131, 115, 42], 'satisfaction_list': [8.162234842781286, 10, 0], 'arriving_time': [0.0022159119426910065, 6.292321442895072, 10.884490297656978], 'demand': [-10, 49, 13], 'actual_allocation': [10, 10, 0], 'truck_inventory': [10, 0, 0], 'sat_profit': 0, 'rebalancing_cost': 0}, {'station_list': [123, 109], 'satisfaction_list': [16, 13], 'arriving_time': [0.0035687290366377767, 5.436527293322352], 'demand': [-16, 13], 'actual_allocation': [16, 13], 'truck_inventory': [16, 3], 'sat_profit': 0, 'rebalancing_cost': 0}, {'station_list': [1, 58, 88], 'satisfaction_list': [28, 9, 19], 'arriving_time': [0.00780482672869422, 5.382917080062027, 12.674286294347741], 'demand': [-39, 9, 29], 'actual_allocation': [28, 9, 19], 'truck_inventory': [28, 19, 0], 'sat_profit': 0, 'rebalancing_cost': 0}, {'station_list': [92, 46, 29], 'satisfaction_list': [10.988802731186242, 23, 10], 'arriving_time': [0.003732422937918685, 6.079695027699824, 12.626978777699824], 'demand': [-15, -24, 10], 'actual_allocation': [15, 23, 10], 'truck_inventory': [15, 38, 28], 'sat_profit': 0, 'rebalancing_cost': 0}], 'sat_profit': 147.15103757396753, 'rebalancing_cost': 196.12257437047128, 'total_rebalancing_amount': 153}"
35,196.12257437047128,153,147.15103757396753,11,"{'routes': [{'station_list': [131, 115, 42], 'satisfaction_list': [8.162234842781286, 10, 0], 'arriving_time': [0.0022159119426910065, 6.292321442895072, 10.884490297656978], 'demand': [-10, 49, 13], 'actual_allocation': [10, 10, 0], 'truck_inventory': [10, 0, 0], 'sat_profit': 0, 'rebalancing_cost': 0}, {'station_list': [123, 109], 'satisfaction_list': [16, 13], 'arriving_time': [0.0035687290366377767, 5.436527293322352], 'demand': [-16, 13], 'actual_allocation': [16, 13], 'truck_inventory': [16, 3], 'sat_profit': 0, 'rebalancing_cost': 0}, {'station_list': [1, 58, 88], 'satisfaction_list': [28, 9, 19], 'arriving_time': [0.00780482672869422, 5.382917080062027, 12.674286294347741], 'demand': [-39, 9, 29], 'actual_allocation': [28, 9, 19], 'truck_inventory': [28, 19, 0], 'sat_profit': 0, 'rebalancing_cost': 0}, {'station_list': [92, 46, 29], 'satisfaction_list': [10.988802731186242, 23, 10], 'arriving_time': [0.003732422937918685, 6.079695027699824, 12.626978777699824], 'demand': [-15, -24, 10], 'actual_allocation': [15, 23, 10], 'truck_inventory': [15, 38, 28], 'sat_profit': 0, 'rebalancing_cost': 0}], 'sat_profit': 147.15103757396753, 'rebalancing_cost': 196.12257437047128, 'total_rebalancing_amount': 153}"
36,190.45124336658333,105,105.0,9,"{'routes': [{'station_list': [1, 58], 'satisfaction_list': [28, 9], 'arriving_time': [0.00780482672869422, 5.382917080062027], 'demand': [-39, 9], 'actual_allocation': [28, 9], 'truck_inventory': [28, 19], 'sat_profit': 0, 'rebalancing_cost': 0}, {'station_list': [142, 29, 46], 'satisfaction_list': [0, 0, 23], 'arriving_time': [0.0028805298653826264, 5.65626776796062, 8.370218184627287], 'demand': [21, 10, -24], 'actual_allocation': [0, 0, 23], 'truck_inventory': [0, 0, 23], 'sat_profit': 0, 'rebalancing_cost': 0}, {'station_list': [52, 73], 'satisfaction_list': [8, 8], 'arriving_time': [0.008715069567665374, 9.930426393377191], 'demand': [-8, 12], 'actual_allocation': [8, 8], 'truck_inventory': [8, 0], 'sat_profit': 0, 'rebalancing_cost': 0}, {'station_list': [123, 109], 'satisfaction_list': [16, 13], 'arriving_time': [0.0035687290366377767, 5.436527293322352], 'demand': [-16, 13], 'actual_allocation': [16, 13], 'truck_inventory': [16, 3], 'sat_profit': 0, 'rebalancing_cost': 0}], 'sat_profit': 105, 'rebalancing_cost': 190.45124336658333, 'total_rebalancing_amount': 105}"
37,189.86854681689596,89,89.0,10,"{'routes': [{'station_list': [1, 58], 'satisfaction_list': [28, 9], 'arriving_time': [0.00780482672869422, 5.382917080062027], 'demand': [-39, 9], 'actual_allocation': [28, 9], 'truck_inventory': [28, 19], 'sat_profit': 0, 'rebalancing_cost': 0}, {'station_list': [142, 29, 46], 'satisfaction_list': [0, 0, 23], 'arriving_time': [0.0028805298653826264, 5.65626776796062, 8.370218184627287], 'demand': [21, 10, -24], 'actual_allocation': [0, 0, 23], 'truck_inventory': [0, 0, 23], 'sat_profit': 0, 'rebalancing_cost': 0}, {'station_list': [15, 73, 17], 'satisfaction_list': [0, 0, 0], 'arriving_time': [0.002175750470747848, 6.559689057613605, 11.007774352851701], 'demand': [9, 12, 8], 'actual_allocation': [0, 0, 0], 'truck_inventory': [0, 0, 0], 'sat_profit': 0, 'rebalancing_cost': 0}, {'station_list': [123, 109], 'satisfaction_list': [16, 13], 'arriving_time': [0.0035687290366377767, 5.436527293322352], 'demand': [-16, 13], 'actual_allocation': [16, 13], 'truck_inventory': [16, 3], 'sat_profit': 0, 'rebalancing_cost': 0}], 'sat_profit': 89, 'rebalancing_cost': 189.86854681689596, 'total_rebalancing_amount': 89}"
38,190.2629119080558,102,100.16223484278129,8,"{'routes': [{'station_list': [1, 58], 'satisfaction_list': [28, 9], 'arriving_time': [0.00780482672869422, 5.382917080062027], 'demand': [-39, 9], 'actual_allocation': [28, 9], 'truck_inventory': [28, 19], 'sat_profit': 0, 'rebalancing_cost': 0}, {'station_list': [131, 115], 'satisfaction_list': [8.162234842781286, 10], 'arriving_time': [0.0022159119426910065, 6.292321442895072], 'demand': [-10, 49], 'actual_allocation': [10, 10], 'truck_inventory': [10, 0], 'sat_profit': 0, 'rebalancing_cost': 0}, {'station_list': [52, 73], 'satisfaction_list': [8, 8], 'arriving_time': [0.008715069567665374, 9.930426393377191], 'demand': [-8, 12], 'actual_allocation': [8, 8], 'truck_inventory': [8, 0], 'sat_profit': 0, 'rebalancing_cost': 0}, {'station_list': [123, 109], 'satisfaction_list': [16, 13], 'arriving_time': [0.0035687290366377767, 5.436527293322352], 'demand': [-16, 13], 'actual_allocation': [16, 13], 'truck_inventory': [16, 3], 'sat_profit': 0, 'rebalancing_cost': 0}], 'sat_profit': 100.16223484278129, 'rebalancing_cost': 190.2629119080558, 'total_rebalancing_amount': 102}"
39,188.87923857508383,83,68.0,10,"{'routes': [{'station_list': [1, 58], 'satisfaction_list': [28, 9], 'arriving_time': [0.00780482672869422, 5.382917080062027], 'demand': [-39, 9], 'actual_allocation': [28, 9], 'truck_inventory': [28, 19], 'sat_profit': 0, 'rebalancing_cost': 0}, {'station_list': [52], 'satisfaction_list': [8], 'arriving_time': [0.008715069567665374], 'demand': [-8], 'actual_allocation': [8], 'truck_inventory': [8], 'sat_profit': 0, 'rebalancing_cost': 0}, {'station_list': [85, 24, 13, 51], 'satisfaction_list': [0, 0, 0, 0], 'arriving_time': [0.013529522532099667, 4.659444282055909, 5.922429269674956, 10.633236081579717], 'demand': [40, 14, 4, 18], 'actual_allocation': [0, 0, 0, 0], 'truck_inventory': [0, 0, 0, 0], 'sat_profit': 0, 'rebalancing_cost': 0}, {'station_list': [29, 46, 92], 'satisfaction_list': [0, 23, 0], 'arriving_time': [0.003135034863215557, 2.7170854515298823, 10.12638138962512], 'demand': [10, -24, -15], 'actual_allocation': [0, 23, 15], 'truck_inventory': [0, 23, 38], 'sat_profit': 0, 'rebalancing_cost': 0}], 'sat_profit': 68, 'rebalancing_cost': 188.87923857508383, 'total_rebalancing_amount': 83}"
40,187.8960274045316,45,45.0,9,"{'routes': [{'station_list': [1, 58], 'satisfaction_list': [28, 9], 'arriving_time': [0.00780482672869422, 5.382917080062027], 'demand': [-39, 9], 'actual_allocation': [28, 9], 'truck_inventory': [28, 19], 'sat_profit': 0, 'rebalancing_cost': 0}, {'station_list': [52], 'satisfaction_list': [8], 'arriving_time': [0.008715069567665374], 'demand': [-8], 'actual_allocation': [8], 'truck_inventory': [8], 'sat_profit': 0, 'rebalancing_cost': 0}, {'station_list': [85, 24, 13, 51], 'satisfaction_list': [0, 0, 0, 0], 'arriving_time': [0.013529522532099667, 4.659444282055909, 5.922429269674956, 10.633236081579717], 'demand': [40, 14, 4, 18], 'actual_allocation': [0, 0, 0, 0], 'truck_inventory': [0, 0, 0, 0], 'sat_profit': 0, 'rebalancing_cost': 0}, {'station_list': [162, 15], 'satisfaction_list': [0, 0], 'arriving_time': [0.0033262700563254084, 13.019451920056325], 'demand': [17, 9], 'actual_allocation': [0, 0], 'truck_inventory': [0, 0], 'sat_profit': 0, 'rebalancing_cost': 0}], 'sat_profit': 45, 'rebalancing_cost': 187.8960274045316, 'total_rebalancing_amount': 45}"
41,188.26363128216406,56,54.16223484278129,9,"{'routes': [{'station_list': [142, 9], 'satisfaction_list': [0, 0], 'arriving_time': [0.0028805298653826264, 10.519447851293954], 'demand': [21, 10], 'actual_allocation': [0, 0], 'truck_inventory': [0, 0], 'sat_profit': 0, 'rebalancing_cost': 0}, {'station_list': [131, 115], 'satisfaction_list': [8.162234842781286, 10], 'arriving_time': [0.0022159119426910065, 6.292321442895072], 'demand': [-10, 49], 'actual_allocation': [10, 10], 'truck_inventory': [10, 0], 'sat_profit': 0, 'rebalancing_cost': 0}, {'station_list': [138, 42, 113], 'satisfaction_list': [0, 0, 7], 'arriving_time': [0.007196985895133855, 5.15616002160942, 8.109638497799896], 'demand': [10, 13, -7], 'actual_allocation': [0, 0, 7], 'truck_inventory': [0, 0, 7], 'sat_profit': 0, 'rebalancing_cost': 0}, {'station_list': [123, 109], 'satisfaction_list': [16, 13], 'arriving_time': [0.0035687290366377767, 5.436527293322352], 'demand': [-16, 13], 'actual_allocation': [16, 13], 'truck_inventory': [16, 3], 'sat_profit': 0, 'rebalancing_cost': 0}], 'sat_profit': 54.16223484278129, 'rebalancing_cost': 188.26363128216406, 'total_rebalancing_amount': 56}"
42,185.97539667459762,52,30.02121376649997,7,"{'routes': [{'station_list': [46, 162], 'satisfaction_list': [23, 0], 'arriving_time': [0.005103300396147173, 14.909981612300907], 'demand': [-24, 17], 'actual_allocation': [23, 17], 'truck_inventory': [23, 6], 'sat_profit': 0, 'rebalancing_cost': 0}, {'station_list': [18, 42, 115], 'satisfaction_list': [6, 1.0212137664999683, 0], 'arriving_time': [0.009759239821454888, 3.5656551945833597, 7.4911573826785975], 'demand': [-6, 13, 49], 'actual_allocation': [6, 6, 0], 'truck_inventory': [6, 0, 0], 'sat_profit': 0, 'rebalancing_cost': 0}, {'station_list': [109, 57], 'satisfaction_list': [0, 0], 'arriving_time': [0.006014107237072935, 8.135657307237073], 'demand': [13, 10], 'actual_allocation': [0, 0], 'truck_inventory': [0, 0], 'sat_profit': 0, 'rebalancing_cost': 0}], 'sat_profit': 30.02121376649997, 'rebalancing_cost': 185.97539667459762, 'total_rebalancing_amount': 52}"
43,193.62276532980462,140,134.15103757396753,10,"{'routes': [{'station_list': [123, 130, 70], 'satisfaction_list': [16, 11, 8], 'arriving_time': [0.0035687290366377767, 4.281518813560447, 11.895431439750922], 'demand': [-16, 11, -8], 'actual_allocation': [16, 11, 8], 'truck_inventory': [16, 5, 13], 'sat_profit': 0, 'rebalancing_cost': 0}, {'station_list': [1, 58], 'satisfaction_list': [28, 9], 'arriving_time': [0.00780482672869422, 5.382917080062027], 'demand': [-39, 9], 'actual_allocation': [28, 9], 'truck_inventory': [28, 19], 'sat_profit': 0, 'rebalancing_cost': 0}, {'station_list': [131, 115], 'satisfaction_list': [8.162234842781286, 10], 'arriving_time': [0.0022159119426910065, 6.292321442895072], 'demand': [-10, 49], 'actual_allocation': [10, 10], 'truck_inventory': [10, 0], 'sat_profit': 0, 'rebalancing_cost': 0}, {'station_list': [92, 46, 29], 'satisfaction_list': [10.988802731186242, 23, 10], 'arriving_time': [0.003732422937918685, 6.079695027699824, 12.626978777699824], 'demand': [-15, -24, 10], 'actual_allocation': [15, 23, 10], 'truck_inventory': [15, 38, 28], 'sat_profit': 0, 'rebalancing_cost': 0}], 'sat_profit': 134.15103757396753, 'rebalancing_cost': 193.62276532980462, 'total_rebalancing_amount': 140}"
44,193.62276532980462,140,134.15103757396753,10,"{'routes': [{'station_list': [123, 130, 70], 'satisfaction_list': [16, 11, 8], 'arriving_time': [0.0035687290366377767, 4.281518813560447, 11.895431439750922], 'demand': [-16, 11, -8], 'actual_allocation': [16, 11, 8], 'truck_inventory': [16, 5, 13], 'sat_profit': 0, 'rebalancing_cost': 0}, {'station_list': [1, 58], 'satisfaction_list': [28, 9], 'arriving_time': [0.00780482672869422, 5.382917080062027], 'demand': [-39, 9], 'actual_allocation': [28, 9], 'truck_inventory': [28, 19], 'sat_profit': 0, 'rebalancing_cost': 0}, {'station_list': [131, 115], 'satisfaction_list': [8.162234842781286, 10], 'arriving_time': [0.0022159119426910065, 6.292321442895072], 'demand': [-10, 49], 'actual_allocation': [10, 10], 'truck_inventory': [10, 0], 'sat_profit': 0, 'rebalancing_cost': 0}, {'station_list': [92, 46, 29], 'satisfaction_list': [10.988802731186242, 23, 10], 'arriving_time': [0.003732422937918685, 6.079695027699824, 12.626978777699824], 'demand': [-15, -24, 10], 'actual_allocation': [15, 23, 10], 'truck_inventory': [15, 38, 28], 'sat_profit': 0, 'rebalancing_cost': 0}], 'sat_profit': 134.15103757396753, 'rebalancing_cost': 193.62276532980462, 'total_rebalancing_amount': 140}"
45,194.89860347103797,148,142.15103757396753,11,"{'routes': [{'station_list': [123, 130, 70], 'satisfaction_list': [16, 11, 8], 'arriving_time': [0.0035687290366377767, 4.281518813560447, 11.895431439750922], 'demand': [-16, 11, -8], 'actual_allocation': [16, 11, 8], 'truck_inventory': [16, 5, 13], 'sat_profit': 0, 'rebalancing_cost': 0}, {'station_list': [1, 58, 84], 'satisfaction_list': [28, 9, 8], 'arriving_time': [0.00780482672869422, 5.382917080062027, 14.953113965776312], 'demand': [-39, 9, 8], 'actual_allocation': [28, 9, 8], 'truck_inventory': [28, 19, 11], 'sat_profit': 0, 'rebalancing_cost': 0}, {'station_list': [131, 115], 'satisfaction_list': [8.162234842781286, 10], 'arriving_time': [0.0022159119426910065, 6.292321442895072], 'demand': [-10, 49], 'actual_allocation': [10, 10], 'truck_inventory': [10, 0], 'sat_profit': 0, 'rebalancing_cost': 0}, {'station_list': [92, 46, 29], 'satisfaction_list': [10.988802731186242, 23, 10], 'arriving_time': [0.003732422937918685, 6.079695027699824, 12.626978777699824], 'demand': [-15, -24, 10], 'actual_allocation': [15, 23, 10], 'truck_inventory': [15, 38, 28], 'sat_profit': 0, 'rebalancing_cost': 0}], 'sat_profit': 142.15103757396753, 'rebalancing_cost': 194.89860347103797, 'total_rebalancing_amount': 148}"
46,194.89860347103797,148,142.15103757396753,11,"{'routes': [{'station_list': [123, 130, 70], 'satisfaction_list': [16, 11, 8], 'arriving_time': [0.0035687290366377767, 4.281518813560447, 11.895431439750922], 'demand': [-16, 11, -8], 'actual_allocation': [16, 11, 8], 'truck_inventory': [16, 5, 13], 'sat_profit': 0, 'rebalancing_cost': 0}, {'station_list': [1, 58, 84], 'satisfaction_list': [28, 9, 8], 'arriving_time': [0.00780482672869422, 5.382917080062027, 14.953113965776312], 'demand': [-39, 9, 8], 'actual_allocation': [28, 9, 8], 'truck_inventory': [28, 19, 11], 'sat_profit': 0, 'rebalancing_cost': 0}, {'station_list': [131, 115], 'satisfaction_list': [8.162234842781286, 10], 'arriving_time': [0.0022159119426910065, 6.292321442895072], 'demand': [-10, 49], 'actual_allocation': [10, 10], 'truck_inventory': [10, 0], 'sat_profit': 0, 'rebalancing_cost': 0}, {'station_list': [92, 46, 29], 'satisfaction_list': [10.988802731186242, 23, 10], 'arriving_time': [0.003732422937918685, 6.079695027699824, 12.626978777699824], 'demand': [-15, -24, 10], 'actual_allocation': [15, 23, 10], 'truck_inventory': [15, 38, 28], 'sat_profit': 0, 'rebalancing_cost': 0}], 'sat_profit': 142.15103757396753, 'rebalancing_cost': 194.89860347103797, 'total_rebalancing_amount': 148}"
47,191.4704271674713,135,129.15103757396753,9,"{'routes': [{'station_list': [123, 130, 70], 'satisfaction_list': [16, 11, 8], 'arriving_time': [0.0035687290366377767, 4.281518813560447, 11.895431439750922], 'demand': [-16, 11, -8], 'actual_allocation': [16, 11, 8], 'truck_inventory': [16, 5, 13], 'sat_profit': 0, 'rebalancing_cost': 0}, {'station_list': [1, 58], 'satisfaction_list': [28, 9], 'arriving_time': [0.00780482672869422, 5.382917080062027], 'demand': [-39, 9], 'actual_allocation': [28, 9], 'truck_inventory': [28, 19], 'sat_profit': 0, 'rebalancing_cost': 0}, {'station_list': [92, 88], 'satisfaction_list': [10.988802731186242, 15], 'arriving_time': [0.003732422937918685, 4.929162780080776], 'demand': [-15, 29], 'actual_allocation': [15, 15], 'truck_inventory': [15, 0], 'sat_profit': 0, 'rebalancing_cost': 0}, {'station_list': [131, 46], 'satisfaction_list': [8.162234842781286, 23], 'arriving_time': [0.0022159119426910065, 8.879669954799834], 'demand': [-10, -24], 'actual_allocation': [10, 23], 'truck_inventory': [10, 33], 'sat_profit': 0, 'rebalancing_cost': 0}], 'sat_profit': 129.15103757396753, 'rebalancing_cost': 191.4704271674713, 'total_rebalancing_amount': 135}"
48,191.4704271674713,135,129.15103757396753,9,"{'routes': [{'station_list': [123, 130, 70], 'satisfaction_list': [16, 11, 8], 'arriving_time': [0.0035687290366377767, 4.281518813560447, 11.895431439750922], 'demand': [-16, 11, -8], 'actual_allocation': [16, 11, 8], 'truck_inventory': [16, 5, 13], 'sat_profit': 0, 'rebalancing_cost': 0}, {'station_list': [1, 58], 'satisfaction_list': [28, 9], 'arriving_time': [0.00780482672869422, 5.382917080062027], 'demand': [-39, 9], 'actual_allocation': [28, 9], 'truck_inventory': [28, 19], 'sat_profit': 0, 'rebalancing_cost': 0}, {'station_list': [92, 88], 'satisfaction_list': [10.988802731186242, 15], 'arriving_time': [0.003732422937918685, 4.929162780080776], 'demand': [-15, 29], 'actual_allocation': [15, 15], 'truck_inventory': [15, 0], 'sat_profit': 0, 'rebalancing_cost': 0}, {'station_list': [131, 46], 'satisfaction_list': [8.162234842781286, 23], 'arriving_time': [0.0022159119426910065, 8.879669954799834], 'demand': [-10, -24], 'actual_allocation': [10, 23], 'truck_inventory': [10, 33], 'sat_profit': 0, 'rebalancing_cost': 0}], 'sat_profit': 129.15103757396753, 'rebalancing_cost': 191.4704271674713, 'total_rebalancing_amount': 135}"
49,191.4704271674713,135,129.15103757396753,9,"{'routes': [{'station_list': [123, 130, 70], 'satisfaction_list': [16, 11, 8], 'arriving_time': [0.0035687290366377767, 4.281518813560447, 11.895431439750922], 'demand': [-16, 11, -8], 'actual_allocation': [16, 11, 8], 'truck_inventory': [16, 5, 13], 'sat_profit': 0, 'rebalancing_cost': 0}, {'station_list': [1, 58], 'satisfaction_list': [28, 9], 'arriving_time': [0.00780482672869422, 5.382917080062027], 'demand': [-39, 9], 'actual_allocation': [28, 9], 'truck_inventory': [28, 19], 'sat_profit': 0, 'rebalancing_cost': 0}, {'station_list': [92, 88], 'satisfaction_list': [10.988802731186242, 15], 'arriving_time': [0.003732422937918685, 4.929162780080776], 'demand': [-15, 29], 'actual_allocation': [15, 15], 'truck_inventory': [15, 0], 'sat_profit': 0, 'rebalancing_cost': 0}, {'station_list': [131, 46], 'satisfaction_list': [8.162234842781286, 23], 'arriving_time': [0.0022159119426910065, 8.879669954799834], 'demand': [-10, -24], 'actual_allocation': [10, 23], 'truck_inventory': [10, 33], 'sat_profit': 0, 'rebalancing_cost': 0}], 'sat_profit': 129.15103757396753, 'rebalancing_cost': 191.4704271674713, 'total_rebalancing_amount': 135}"
50,190.86160629103193,126,114.7118738000567,10,"{'routes': [{'station_list': [123, 130, 70], 'satisfaction_list': [16, 11, 8], 'arriving_time': [0.0035687290366377767, 4.281518813560447, 11.895431439750922], 'demand': [-16, 11, -8], 'actual_allocation': [16, 11, 8], 'truck_inventory': [16, 5, 13], 'sat_profit': 0, 'rebalancing_cost': 0}, {'station_list': [1, 58], 'satisfaction_list': [28, 9], 'arriving_time': [0.00780482672869422, 5.382917080062027], 'demand': [-39, 9], 'actual_allocation': [28, 9], 'truck_inventory': [28, 19], 'sat_profit': 0, 'rebalancing_cost': 0}, {'station_list': [52, 73], 'satisfaction_list': [8, 8], 'arriving_time': [0.008715069567665374, 9.930426393377191], 'demand': [-8, 12], 'actual_allocation': [8, 8], 'truck_inventory': [8, 0], 'sat_profit': 0, 'rebalancing_cost': 0}, {'station_list': [88, 92, 46], 'satisfaction_list': [0, 3.711873800056693, 23], 'arriving_time': [0.003945042838245114, 2.4293753999811023, 8.505338004743008], 'demand': [29, -15, -24], 'actual_allocation': [0, 15, 23], 'truck_inventory': [0, 15, 38], 'sat_profit': 0, 'rebalancing_cost': 0}], 'sat_profit': 114.7118738000567, 'rebalancing_cost': 190.86160629103193, 'total_rebalancing_amount': 126}"
51,191.4704271674713,135,129.15103757396753,9,"{'routes': [{'station_list': [123, 130, 70], 'satisfaction_list': [16, 11, 8], 'arriving_time': [0.0035687290366377767, 4.281518813560447, 11.895431439750922], 'demand': [-16, 11, -8], 'actual_allocation': [16, 11, 8], 'truck_inventory': [16, 5, 13], 'sat_profit': 0, 'rebalancing_cost': 0}, {'station_list': [1, 58], 'satisfaction_list': [28, 9], 'arriving_time': [0.00780482672869422, 5.382917080062027], 'demand': [-39, 9], 'actual_allocation': [28, 9], 'truck_inventory': [28, 19], 'sat_profit': 0, 'rebalancing_cost': 0}, {'station_list': [92, 88], 'satisfaction_list': [10.988802731186242, 15], 'arriving_time': [0.003732422937918685, 4.929162780080776], 'demand': [-15, 29], 'actual_allocation': [15, 15], 'truck_inventory': [15, 0], 'sat_profit': 0, 'rebalancing_cost': 0}, {'station_list': [131, 46], 'satisfaction_list': [8.162234842781286, 23], 'arriving_time': [0.0022159119426910065, 8.879669954799834], 'demand': [-10, -24], 'actual_allocation': [10, 23], 'truck_inventory': [10, 33], 'sat_profit': 0, 'rebalancing_cost': 0}], 'sat_profit': 129.15103757396753, 'rebalancing_cost': 191.4704271674713, 'total_rebalancing_amount': 135}"
52,183.49981974814688,31,16.0,8,"{'routes': [{'station_list': [58, 92], 'satisfaction_list': [0, 0], 'arriving_time': [0.011021544966281827, 7.115464235442472], 'demand': [9, -15], 'actual_allocation': [0, 15], 'truck_inventory': [0, 15], 'sat_profit': 0, 'rebalancing_cost': 0}, {'station_list': [138, 73, 130], 'satisfaction_list': [0, 0, 0], 'arriving_time': [0.007196985895133855, 5.032406469228467, 11.467500650180847], 'demand': [10, 12, 11], 'actual_allocation': [0, 0, 0], 'truck_inventory': [0, 0, 0], 'sat_profit': 0, 'rebalancing_cost': 0}, {'station_list': [52, 51, 13], 'satisfaction_list': [8, 8, 0], 'arriving_time': [0.008715069567665374, 2.737258753615284, 8.781398898853379], 'demand': [-8, 18, 4], 'actual_allocation': [8, 8, 0], 'truck_inventory': [8, 0, 0], 'sat_profit': 0, 'rebalancing_cost': 0}], 'sat_profit': 16, 'rebalancing_cost': 183.49981974814688, 'total_rebalancing_amount': 31}"
53,178.99529853064894,26,15.0,6,"{'routes': [{'station_list': [94, 145, 113], 'satisfaction_list': [0, 0, 7], 'arriving_time': [0.0056679473296624115, 5.782302718758234, 11.704421625901091], 'demand': [8, -11, -7], 'actual_allocation': [0, 11, 7], 'truck_inventory': [0, 11, 18], 'sat_profit': 0, 'rebalancing_cost': 0}, {'station_list': [51, 138, 70], 'satisfaction_list': [0, 0, 8], 'arriving_time': [0.002455015326569552, 10.05061199627895, 14.95637677485038], 'demand': [18, 10, -8], 'actual_allocation': [0, 0, 8], 'truck_inventory': [0, 0, 8], 'sat_profit': 0, 'rebalancing_cost': 0}], 'sat_profit': 15, 'rebalancing_cost': 178.99529853064894, 'total_rebalancing_amount': 26}"
54,196.0806491218146,162,154.3708849534864,11,"{'routes': [{'station_list': [92, 29, 115], 'satisfaction_list': [10.988802731186242, 10, 1.382082222300177], 'arriving_time': [0.003732422937918685, 5.982449382461728, 13.227917777699822], 'demand': [-15, 10, 49], 'actual_allocation': [15, 10, 5], 'truck_inventory': [15, 5, 0], 'sat_profit': 0, 'rebalancing_cost': 0}, {'station_list': [70, 46, 14], 'satisfaction_list': [8, 23, 12], 'arriving_time': [0.0046651372838485425, 5.9849907491886105, 11.925394081331468], 'demand': [-8, -24, 12], 'actual_allocation': [8, 23, 12], 'truck_inventory': [8, 31, 19], 'sat_profit': 0, 'rebalancing_cost': 0}, {'station_list': [123, 113, 51], 'satisfaction_list': [16, 7, 18], 'arriving_time': [0.0035687290366377767, 3.9993083457033043, 11.639002179036638], 'demand': [-16, -7, 18], 'actual_allocation': [16, 7, 18], 'truck_inventory': [16, 23, 5], 'sat_profit': 0, 'rebalancing_cost': 0}, {'station_list': [1, 88], 'satisfaction_list': [28, 20], 'arriving_time': [0.00780482672869422, 10.644572345776313], 'demand': [-39, 29], 'actual_allocation': [28, 20], 'truck_inventory': [28, 8], 'sat_profit': 0, 'rebalancing_cost': 0}], 'sat_profit': 154.3708849534864, 'rebalancing_cost': 196.0806491218146, 'total_rebalancing_amount': 162}"
55,191.37559083592893,121,114.77225181828388,8,"{'routes': [{'station_list': [92, 29], 'satisfaction_list': [10.988802731186242, 10], 'arriving_time': [0.003732422937918685, 5.982449382461728], 'demand': [-15, 10], 'actual_allocation': [15, 10], 'truck_inventory': [15, 5], 'sat_profit': 0, 'rebalancing_cost': 0}, {'station_list': [46, 70], 'satisfaction_list': [23, 8], 'arriving_time': [0.005103300396147173, 8.48542891230091], 'demand': [-24, -8], 'actual_allocation': [23, 8], 'truck_inventory': [23, 31], 'sat_profit': 0, 'rebalancing_cost': 0}, {'station_list': [145, 18], 'satisfaction_list': [8.78344908709764, 6], 'arriving_time': [0.007523142228345023, 9.743305882704536], 'demand': [-11, -6], 'actual_allocation': [11, 6], 'truck_inventory': [11, 17], 'sat_profit': 0, 'rebalancing_cost': 0}, {'station_list': [1, 88], 'satisfaction_list': [28, 20], 'arriving_time': [0.00780482672869422, 10.644572345776313], 'demand': [-39, 29], 'actual_allocation': [28, 20], 'truck_inventory': [28, 8], 'sat_profit': 0, 'rebalancing_cost': 0}], 'sat_profit': 114.77225181828388, 'rebalancing_cost': 191.37559083592893, 'total_rebalancing_amount': 121}"
56,191.69464428772176,132,127.98880273118624,8,"{'routes': [{'station_list': [92, 29], 'satisfaction_list': [10.988802731186242, 10], 'arriving_time': [0.003732422937918685, 5.982449382461728], 'demand': [-15, 10], 'actual_allocation': [15, 10], 'truck_inventory': [15, 5], 'sat_profit': 0, 'rebalancing_cost': 0}, {'station_list': [46, 70], 'satisfaction_list': [23, 8], 'arriving_time': [0.005103300396147173, 8.48542891230091], 'demand': [-24, -8], 'actual_allocation': [23, 8], 'truck_inventory': [23, 31], 'sat_profit': 0, 'rebalancing_cost': 0}, {'station_list': [123, 73], 'satisfaction_list': [16, 12], 'arriving_time': [0.0035687290366377767, 8.59982650046521], 'demand': [-16, 12], 'actual_allocation': [16, 12], 'truck_inventory': [16, 4], 'sat_profit': 0, 'rebalancing_cost': 0}, {'station_list': [1, 88], 'satisfaction_list': [28, 20], 'arriving_time': [0.00780482672869422, 10.644572345776313], 'demand': [-39, 29], 'actual_allocation': [28, 20], 'truck_inventory': [28, 8], 'sat_profit': 0, 'rebalancing_cost': 0}], 'sat_profit': 127.98880273118624, 'rebalancing_cost': 191.69464428772176, 'total_rebalancing_amount': 132}"
57,191.69464428772176,132,127.98880273118624,8,"{'routes': [{'station_list': [92, 29], 'satisfaction_list': [10.988802731186242, 10], 'arriving_time': [0.003732422937918685, 5.982449382461728], 'demand': [-15, 10], 'actual_allocation': [15, 10], 'truck_inventory': [15, 5], 'sat_profit': 0, 'rebalancing_cost': 0}, {'station_list': [46, 70], 'satisfaction_list': [23, 8], 'arriving_time': [0.005103300396147173, 8.48542891230091], 'demand': [-24, -8], 'actual_allocation': [23, 8], 'truck_inventory': [23, 31], 'sat_profit': 0, 'rebalancing_cost': 0}, {'station_list': [123, 73], 'satisfaction_list': [16, 12], 'arriving_time': [0.0035687290366377767, 8.59982650046521], 'demand': [-16, 12], 'actual_allocation': [16, 12], 'truck_inventory': [16, 4], 'sat_profit': 0, 'rebalancing_cost': 0}, {'station_list': [1, 88], 'satisfaction_list': [28, 20], 'arriving_time': [0.00780482672869422, 10.644572345776313], 'demand': [-39, 29], 'actual_allocation': [28, 20], 'truck_inventory': [28, 8], 'sat_profit': 0, 'rebalancing_cost': 0}], 'sat_profit': 127.98880273118624, 'rebalancing_cost': 191.69464428772176, 'total_rebalancing_amount': 132}"
58,192.35813310135507,146,141.98880273118624,9,"{'routes': [{'station_list': [92, 29], 'satisfaction_list': [10.988802731186242, 10], 'arriving_time': [0.003732422937918685, 5.982449382461728], 'demand': [-15, 10], 'actual_allocation': [15, 10], 'truck_inventory': [15, 5], 'sat_profit': 0, 'rebalancing_cost': 0}, {'station_list': [46, 58], 'satisfaction_list': [23, 9], 'arriving_time': [0.005103300396147173, 7.810181814681861], 'demand': [-24, 9], 'actual_allocation': [23, 9], 'truck_inventory': [23, 14], 'sat_profit': 0, 'rebalancing_cost': 0}, {'station_list': [123, 113, 51], 'satisfaction_list': [16, 7, 18], 'arriving_time': [0.0035687290366377767, 3.9993083457033043, 11.639002179036638], 'demand': [-16, -7, 18], 'actual_allocation': [16, 7, 18], 'truck_inventory': [16, 23, 5], 'sat_profit': 0, 'rebalancing_cost': 0}, {'station_list': [1, 88], 'satisfaction_list': [28, 20], 'arriving_time': [0.00780482672869422, 10.644572345776313], 'demand': [-39, 29], 'actual_allocation': [28, 20], 'truck_inventory': [28, 8], 'sat_profit': 0, 'rebalancing_cost': 0}], 'sat_profit': 141.98880273118624, 'rebalancing_cost': 192.35813310135507, 'total_rebalancing_amount': 146}"
59,193.07974101348125,157,152.98880273118624,10,"{'routes': [{'station_list': [92, 29], 'satisfaction_list': [10.988802731186242, 10], 'arriving_time': [0.003732422937918685, 5.982449382461728], 'demand': [-15, 10], 'actual_allocation': [15, 10], 'truck_inventory': [15, 5], 'sat_profit': 0, 'rebalancing_cost': 0}, {'station_list': [70, 46, 14], 'satisfaction_list': [8, 23, 12], 'arriving_time': [0.0046651372838485425, 5.9849907491886105, 11.925394081331468], 'demand': [-8, -24, 12], 'actual_allocation': [8, 23, 12], 'truck_inventory': [8, 31, 19], 'sat_profit': 0, 'rebalancing_cost': 0}, {'station_list': [123, 113, 51], 'satisfaction_list': [16, 7, 18], 'arriving_time': [0.0035687290366377767, 3.9993083457033043, 11.639002179036638], 'demand': [-16, -7, 18], 'actual_allocation': [16, 7, 18], 'truck_inventory': [16, 23, 5], 'sat_profit': 0, 'rebalancing_cost': 0}, {'station_list': [1, 88], 'satisfaction_list': [28, 20], 'arriving_time': [0.00780482672869422, 10.644572345776313], 'demand': [-39, 29], 'actual_allocation': [28, 20], 'truck_inventory': [28, 8], 'sat_profit': 0, 'rebalancing_cost': 0}], 'sat_profit': 152.98880273118624, 'rebalancing_cost': 193.07974101348125, 'total_rebalancing_amount': 157}"
60,193.07974101348125,157,152.98880273118624,10,"{'routes': [{'station_list': [92, 29], 'satisfaction_list': [10.988802731186242, 10], 'arriving_time': [0.003732422937918685, 5.982449382461728], 'demand': [-15, 10], 'actual_allocation': [15, 10], 'truck_inventory': [15, 5], 'sat_profit': 0, 'rebalancing_cost': 0}, {'station_list': [70, 46, 14], 'satisfaction_list': [8, 23, 12], 'arriving_time': [0.0046651372838485425, 5.9849907491886105, 11.925394081331468], 'demand': [-8, -24, 12], 'actual_allocation': [8, 23, 12], 'truck_inventory': [8, 31, 19], 'sat_profit': 0, 'rebalancing_cost': 0}, {'station_list': [123, 113, 51], 'satisfaction_list': [16, 7, 18], 'arriving_time': [0.0035687290366377767, 3.9993083457033043, 11.639002179036638], 'demand': [-16, -7, 18], 'actual_allocation': [16, 7, 18], 'truck_inventory': [16, 23, 5], 'sat_profit': 0, 'rebalancing_cost': 0}, {'station_list': [1, 88], 'satisfaction_list': [28, 20], 'arriving_time': [0.00780482672869422, 10.644572345776313], 'demand': [-39, 29], 'actual_allocation': [28, 20], 'truck_inventory': [28, 8], 'sat_profit': 0, 'rebalancing_cost': 0}], 'sat_profit': 152.98880273118624, 'rebalancing_cost': 193.07974101348125, 'total_rebalancing_amount': 157}"
61,193.07974101348125,157,152.98880273118624,10,"{'routes': [{'station_list': [92, 29], 'satisfaction_list': [10.988802731186242, 10], 'arriving_time': [0.003732422937918685, 5.982449382461728], 'demand': [-15, 10], 'actual_allocation': [15, 10], 'truck_inventory': [15, 5], 'sat_profit': 0, 'rebalancing_cost': 0}, {'station_list': [70, 46, 14], 'satisfaction_list': [8, 23, 12], 'arriving_time': [0.0046651372838485425, 5.9849907491886105, 11.925394081331468], 'demand': [-8, -24, 12], 'actual_allocation': [8, 23, 12], 'truck_inventory': [8, 31, 19], 'sat_profit': 0, 'rebalancing_cost': 0}, {'station_list': [123, 113, 51], 'satisfaction_list': [16, 7, 18], 'arriving_time': [0.0035687290366377767, 3.9993083457033043, 11.639002179036638], 'demand': [-16, -7, 18], 'actual_allocation': [16, 7, 18], 'truck_inventory': [16, 23, 5], 'sat_profit': 0, 'rebalancing_cost': 0}, {'station_list': [1, 88], 'satisfaction_list': [28, 20], 'arriving_time': [0.00780482672869422, 10.644572345776313], 'demand': [-39, 29], 'actual_allocation': [28, 20], 'truck_inventory': [28, 8], 'sat_profit': 0, 'rebalancing_cost': 0}], 'sat_profit': 152.98880273118624, 'rebalancing_cost': 193.07974101348125, 'total_rebalancing_amount': 157}"
62,193.07974101348125,157,152.98880273118624,10,"{'routes': [{'station_list': [92, 29], 'satisfaction_list': [10.988802731186242, 10], 'arriving_time': [0.003732422937918685, 5.982449382461728], 'demand': [-15, 10], 'actual_allocation': [15, 10], 'truck_inventory': [15, 5], 'sat_profit': 0, 'rebalancing_cost': 0}, {'station_list': [70, 46, 14], 'satisfaction_list': [8, 23, 12], 'arriving_time': [0.0046651372838485425, 5.9849907491886105, 11.925394081331468], 'demand': [-8, -24, 12], 'actual_allocation': [8, 23, 12], 'truck_inventory': [8, 31, 19], 'sat_profit': 0, 'rebalancing_cost': 0}, {'station_list': [123, 113, 51], 'satisfaction_list': [16, 7, 18], 'arriving_time': [0.0035687290366377767, 3.9993083457033043, 11.639002179036638], 'demand': [-16, -7, 18], 'actual_allocation': [16, 7, 18], 'truck_inventory': [16, 23, 5], 'sat_profit': 0, 'rebalancing_cost': 0}, {'station_list': [1, 88], 'satisfaction_list': [28, 20], 'arriving_time': [0.00780482672869422, 10.644572345776313], 'demand': [-39, 29], 'actual_allocation': [28, 20], 'truck_inventory': [28, 8], 'sat_profit': 0, 'rebalancing_cost': 0}], 'sat_profit': 152.98880273118624, 'rebalancing_cost': 193.07974101348125, 'total_rebalancing_amount': 157}"
63,193.07974101348125,157,152.98880273118624,10,"{'routes': [{'station_list': [92, 29], 'satisfaction_list': [10.988802731186242, 10], 'arriving_time': [0.003732422937918685, 5.982449382461728], 'demand': [-15, 10], 'actual_allocation': [15, 10], 'truck_inventory': [15, 5], 'sat_profit': 0, 'rebalancing_cost': 0}, {'station_list': [70, 46, 14], 'satisfaction_list': [8, 23, 12], 'arriving_time': [0.0046651372838485425, 5.9849907491886105, 11.925394081331468], 'demand': [-8, -24, 12], 'actual_allocation': [8, 23, 12], 'truck_inventory': [8, 31, 19], 'sat_profit': 0, 'rebalancing_cost': 0}, {'station_list': [123, 113, 51], 'satisfaction_list': [16, 7, 18], 'arriving_time': [0.0035687290366377767, 3.9993083457033043, 11.639002179036638], 'demand': [-16, -7, 18], 'actual_allocation': [16, 7, 18], 'truck_inventory': [16, 23, 5], 'sat_profit': 0, 'rebalancing_cost': 0}, {'station_list': [1, 88], 'satisfaction_list': [28, 20], 'arriving_time': [0.00780482672869422, 10.644572345776313], 'demand': [-39, 29], 'actual_allocation': [28, 20], 'truck_inventory': [28, 8], 'sat_profit': 0, 'rebalancing_cost': 0}], 'sat_profit': 152.98880273118624, 'rebalancing_cost': 193.07974101348125, 'total_rebalancing_amount': 157}"
64,192.35813310135507,146,141.98880273118624,9,"{'routes': [{'station_list': [92, 29], 'satisfaction_list': [10.988802731186242, 10], 'arriving_time': [0.003732422937918685, 5.982449382461728], 'demand': [-15, 10], 'actual_allocation': [15, 10], 'truck_inventory': [15, 5], 'sat_profit': 0, 'rebalancing_cost': 0}, {'station_list': [46, 58], 'satisfaction_list': [23, 9], 'arriving_time': [0.005103300396147173, 7.810181814681861], 'demand': [-24, 9], 'actual_allocation': [23, 9], 'truck_inventory': [23, 14], 'sat_profit': 0, 'rebalancing_cost': 0}, {'station_list': [123, 113, 51], 'satisfaction_list': [16, 7, 18], 'arriving_time': [0.0035687290366377767, 3.9993083457033043, 11.639002179036638], 'demand': [-16, -7, 18], 'actual_allocation': [16, 7, 18], 'truck_inventory': [16, 23, 5], 'sat_profit': 0, 'rebalancing_cost': 0}, {'station_list': [1, 88], 'satisfaction_list': [28, 20], 'arriving_time': [0.00780482672869422, 10.644572345776313], 'demand': [-39, 29], 'actual_allocation': [28, 20], 'truck_inventory': [28, 8], 'sat_profit': 0, 'rebalancing_cost': 0}], 'sat_profit': 141.98880273118624, 'rebalancing_cost': 192.35813310135507, 'total_rebalancing_amount': 146}"
65,199.2627805970246,188,177.15080876787357,12,"{'routes': [{'station_list': [92, 18, 24], 'satisfaction_list': [10.988802731186242, 6, 14], 'arriving_time': [0.003732422937918685, 5.019173865795062, 9.996491408652204], 'demand': [-15, -6, 14], 'actual_allocation': [15, 6, 14], 'truck_inventory': [15, 21, 7], 'sat_profit': 0, 'rebalancing_cost': 0}, {'station_list': [145, 70, 88], 'satisfaction_list': [8.78344908709764, 8, 19], 'arriving_time': [0.007523142228345023, 7.618701961275963, 11.45252270651406], 'demand': [-11, -8, 29], 'actual_allocation': [11, 8, 19], 'truck_inventory': [11, 19, 0], 'sat_profit': 0, 'rebalancing_cost': 0}, {'station_list': [1, 51, 46], 'satisfaction_list': [28, 18, 23], 'arriving_time': [0.00780482672869422, 7.685600921966789, 12.723788380062027], 'demand': [-39, 18, -24], 'actual_allocation': [28, 18, 23], 'truck_inventory': [28, 10, 33], 'sat_profit': 0, 'rebalancing_cost': 0}, {'station_list': [123, 113, 115], 'satisfaction_list': [16, 7, 18.378556949589694], 'arriving_time': [0.0035687290366377767, 3.9993083457033043, 8.958018286179495], 'demand': [-16, -7, 49], 'actual_allocation': [16, 7, 23], 'truck_inventory': [16, 23, 0], 'sat_profit': 0, 'rebalancing_cost': 0}], 'sat_profit': 177.15080876787357, 'rebalancing_cost': 199.2627805970246, 'total_rebalancing_amount': 188}"
66,196.27125588519127,174,163.15080876787357,12,"{'routes': [{'station_list': [92, 18, 73], 'satisfaction_list': [10.988802731186242, 6, 12], 'arriving_time': [0.003732422937918685, 5.019173865795062, 8.404832701509347], 'demand': [-15, -6, 12], 'actual_allocation': [15, 6, 12], 'truck_inventory': [15, 21, 9], 'sat_profit': 0, 'rebalancing_cost': 0}, {'station_list': [145, 70, 109], 'satisfaction_list': [8.78344908709764, 8, 13], 'arriving_time': [0.007523142228345023, 7.618701961275963, 11.219381671990249], 'demand': [-11, -8, 13], 'actual_allocation': [11, 8, 13], 'truck_inventory': [11, 19, 6], 'sat_profit': 0, 'rebalancing_cost': 0}, {'station_list': [1, 14, 46], 'satisfaction_list': [28, 12, 23], 'arriving_time': [0.00780482672869422, 7.26499270291917, 11.372062701728694], 'demand': [-39, 12, -24], 'actual_allocation': [28, 12, 23], 'truck_inventory': [28, 16, 39], 'sat_profit': 0, 'rebalancing_cost': 0}, {'station_list': [123, 113, 115], 'satisfaction_list': [16, 7, 18.378556949589694], 'arriving_time': [0.0035687290366377767, 3.9993083457033043, 8.958018286179495], 'demand': [-16, -7, 49], 'actual_allocation': [16, 7, 23], 'truck_inventory': [16, 23, 0], 'sat_profit': 0, 'rebalancing_cost': 0}], 'sat_profit': 163.15080876787357, 'rebalancing_cost': 196.27125588519127, 'total_rebalancing_amount': 174}"
67,196.27125588519127,174,163.15080876787357,12,"{'routes': [{'station_list': [92, 18, 73], 'satisfaction_list': [10.988802731186242, 6, 12], 'arriving_time': [0.003732422937918685, 5.019173865795062, 8.404832701509347], 'demand': [-15, -6, 12], 'actual_allocation': [15, 6, 12], 'truck_inventory': [15, 21, 9], 'sat_profit': 0, 'rebalancing_cost': 0}, {'station_list': [145, 70, 109], 'satisfaction_list': [8.78344908709764, 8, 13], 'arriving_time': [0.007523142228345023, 7.618701961275963, 11.219381671990249], 'demand': [-11, -8, 13], 'actual_allocation': [11, 8, 13], 'truck_inventory': [11, 19, 6], 'sat_profit': 0, 'rebalancing_cost': 0}, {'station_list': [1, 14, 46], 'satisfaction_list': [28, 12, 23], 'arriving_time': [0.00780482672869422, 7.26499270291917, 11.372062701728694], 'demand': [-39, 12, -24], 'actual_allocation': [28, 12, 23], 'truck_inventory': [28, 16, 39], 'sat_profit': 0, 'rebalancing_cost': 0}, {'station_list': [123, 113, 115], 'satisfaction_list': [16, 7, 18.378556949589694], 'arriving_time': [0.0035687290366377767, 3.9993083457033043, 8.958018286179495], 'demand': [-16, -7, 49], 'actual_allocation': [16, 7, 23], 'truck_inventory': [16, 23, 0], 'sat_profit': 0, 'rebalancing_cost': 0}], 'sat_profit': 163.15080876787357, 'rebalancing_cost': 196.27125588519127, 'total_rebalancing_amount': 174}"
68,197.11791133719126,180,169.15080876787357,12,"{'routes': [{'station_list': [92, 18, 73], 'satisfaction_list': [10.988802731186242, 6, 12], 'arriving_time': [0.003732422937918685, 5.019173865795062, 8.404832701509347], 'demand': [-15, -6, 12], 'actual_allocation': [15, 6, 12], 'truck_inventory': [15, 21, 9], 'sat_profit': 0, 'rebalancing_cost': 0}, {'station_list': [145, 70, 109], 'satisfaction_list': [8.78344908709764, 8, 13], 'arriving_time': [0.007523142228345023, 7.618701961275963, 11.219381671990249], 'demand': [-11, -8, 13], 'actual_allocation': [11, 8, 13], 'truck_inventory': [11, 19, 6], 'sat_profit': 0, 'rebalancing_cost': 0}, {'station_list': [1, 51, 46], 'satisfaction_list': [28, 18, 23], 'arriving_time': [0.00780482672869422, 7.685600921966789, 12.723788380062027], 'demand': [-39, 18, -24], 'actual_allocation': [28, 18, 23], 'truck_inventory': [28, 10, 33], 'sat_profit': 0, 'rebalancing_cost': 0}, {'station_list': [123, 113, 115], 'satisfaction_list': [16, 7, 18.378556949589694], 'arriving_time': [0.0035687290366377767, 3.9993083457033043, 8.958018286179495], 'demand': [-16, -7, 49], 'actual_allocation': [16, 7, 23], 'truck_inventory': [16, 23, 0], 'sat_profit': 0, 'rebalancing_cost': 0}], 'sat_profit': 169.15080876787357, 'rebalancing_cost': 197.11791133719126, 'total_rebalancing_amount': 180}"
69,189.70509244673627,90,90.0,10,"{'routes': [{'station_list': [70, 85], 'satisfaction_list': [8, 8], 'arriving_time': [0.0046651372838485425, 6.972816937283848], 'demand': [-8, 40], 'actual_allocation': [8, 8], 'truck_inventory': [8, 0], 'sat_profit': 0, 'rebalancing_cost': 0}, {'station_list': [123, 113, 46], 'satisfaction_list': [16, 7, 23], 'arriving_time': [0.0035687290366377767, 3.9993083457033043, 9.762302914750922], 'demand': [-16, -7, -24], 'actual_allocation': [16, 7, 23], 'truck_inventory': [16, 23, 46], 'sat_profit': 0, 'rebalancing_cost': 0}, {'station_list': [9, 88, 1], 'satisfaction_list': [0, 0, 28], 'arriving_time': [0.007849966204130131, 1.8293160507279393, 7.799416903108892], 'demand': [10, 29, -39], 'actual_allocation': [0, 0, 28], 'truck_inventory': [0, 0, 28], 'sat_profit': 0, 'rebalancing_cost': 0}, {'station_list': [138, 73], 'satisfaction_list': [0, 0], 'arriving_time': [0.007196985895133855, 5.032406469228467], 'demand': [10, 12], 'actual_allocation': [0, 0], 'truck_inventory': [0, 0], 'sat_profit': 0, 'rebalancing_cost': 0}], 'sat_profit': 90, 'rebalancing_cost': 189.70509244673627, 'total_rebalancing_amount': 90}"
70,190.10682443130287,105,91.23266641010335,10,"{'routes': [{'station_list': [70, 85], 'satisfaction_list': [8, 8], 'arriving_time': [0.0046651372838485425, 6.972816937283848], 'demand': [-8, 40], 'actual_allocation': [8, 8], 'truck_inventory': [8, 0], 'sat_profit': 0, 'rebalancing_cost': 0}, {'station_list': [123, 113, 46], 'satisfaction_list': [16, 7, 23], 'arriving_time': [0.0035687290366377767, 3.9993083457033043, 9.762302914750922], 'demand': [-16, -7, -24], 'actual_allocation': [16, 7, 23], 'truck_inventory': [16, 23, 46], 'sat_profit': 0, 'rebalancing_cost': 0}, {'station_list': [9, 88, 1], 'satisfaction_list': [0, 0, 28], 'arriving_time': [0.007849966204130131, 1.8293160507279393, 7.799416903108892], 'demand': [10, 29, -39], 'actual_allocation': [0, 0, 28], 'truck_inventory': [0, 0, 28], 'sat_profit': 0, 'rebalancing_cost': 0}, {'station_list': [29, 92], 'satisfaction_list': [0, 1.232666410103355], 'arriving_time': [0.003135034863215557, 3.481851994387025], 'demand': [10, -15], 'actual_allocation': [0, 15], 'truck_inventory': [0, 15], 'sat_profit': 0, 'rebalancing_cost': 0}], 'sat_profit': 91.23266641010335, 'rebalancing_cost': 190.10682443130287, 'total_rebalancing_amount': 105}"
71,188.70000786603583,69,64.98880273118624,11,"{'routes': [{'station_list': [70, 85, 94], 'satisfaction_list': [8, 8, 0], 'arriving_time': [0.0046651372838485425, 6.972816937283848, 13.69361249918861], 'demand': [-8, 40, 8], 'actual_allocation': [8, 8, 0], 'truck_inventory': [8, 0, 0], 'sat_profit': 0, 'rebalancing_cost': 0}, {'station_list': [98, 109, 142], 'satisfaction_list': [0, 0, 0], 'arriving_time': [0.00506413246896598, 1.4546996841356328, 6.182653146040394], 'demand': [22, 13, 21], 'actual_allocation': [0, 0, 0], 'truck_inventory': [0, 0, 0], 'sat_profit': 0, 'rebalancing_cost': 0}, {'station_list': [9, 88, 1], 'satisfaction_list': [0, 0, 28], 'arriving_time': [0.007849966204130131, 1.8293160507279393, 7.799416903108892], 'demand': [10, 29, -39], 'actual_allocation': [0, 0, 28], 'truck_inventory': [0, 0, 28], 'sat_profit': 0, 'rebalancing_cost': 0}, {'station_list': [92, 29], 'satisfaction_list': [10.988802731186242, 10], 'arriving_time': [0.003732422937918685, 5.982449382461728], 'demand': [-15, 10], 'actual_allocation': [15, 10], 'truck_inventory': [15, 5], 'sat_profit': 0, 'rebalancing_cost': 0}], 'sat_profit': 64.98880273118624, 'rebalancing_cost': 188.70000786603583, 'total_rebalancing_amount': 69}"
72,188.70000786603583,69,64.98880273118624,11,"{'routes': [{'station_list': [70, 85, 94], 'satisfaction_list': [8, 8, 0], 'arriving_time': [0.0046651372838485425, 6.972816937283848, 13.69361249918861], 'demand': [-8, 40, 8], 'actual_allocation': [8, 8, 0], 'truck_inventory': [8, 0, 0], 'sat_profit': 0, 'rebalancing_cost': 0}, {'station_list': [98, 109, 142], 'satisfaction_list': [0, 0, 0], 'arriving_time': [0.00506413246896598, 1.4546996841356328, 6.182653146040394], 'demand': [22, 13, 21], 'actual_allocation': [0, 0, 0], 'truck_inventory': [0, 0, 0], 'sat_profit': 0, 'rebalancing_cost': 0}, {'station_list': [9, 88, 1], 'satisfaction_list': [0, 0, 28], 'arriving_time': [0.007849966204130131, 1.8293160507279393, 7.799416903108892], 'demand': [10, 29, -39], 'actual_allocation': [0, 0, 28], 'truck_inventory': [0, 0, 28], 'sat_profit': 0, 'rebalancing_cost': 0}, {'station_list': [92, 29], 'satisfaction_list': [10.988802731186242, 10], 'arriving_time': [0.003732422937918685, 5.982449382461728], 'demand': [-15, 10], 'actual_allocation': [15, 10], 'truck_inventory': [15, 5], 'sat_profit': 0, 'rebalancing_cost': 0}], 'sat_profit': 64.98880273118624, 'rebalancing_cost': 188.70000786603583, 'total_rebalancing_amount': 69}"
73,182.87469480760183,46,41.98880273118624,6,"{'routes': [{'station_list': [8, 70], 'satisfaction_list': [0, 8], 'arriving_time': [0.005611753962581448, 9.720582606343534], 'demand': [10, -8], 'actual_allocation': [0, 8], 'truck_inventory': [0, 8], 'sat_profit': 0, 'rebalancing_cost': 0}, {'station_list': [98, 58], 'satisfaction_list': [0, 0], 'arriving_time': [0.00506413246896598, 7.059623630088014], 'demand': [22, 9], 'actual_allocation': [0, 0], 'truck_inventory': [0, 0], 'sat_profit': 0, 'rebalancing_cost': 0}, {'station_list': [92, 46], 'satisfaction_list': [10.988802731186242, 23], 'arriving_time': [0.003732422937918685, 6.079695027699824], 'demand': [-15, -24], 'actual_allocation': [15, 23], 'truck_inventory': [15, 38], 'sat_profit': 0, 'rebalancing_cost': 0}], 'sat_profit': 41.98880273118624, 'rebalancing_cost': 182.87469480760183, 'total_rebalancing_amount': 46}"
